run_id,formulation,water_weight,precipitated_out,avg_cv_diff,cv_diff,avg_highV,highV,avg_lowV,lowV,avg_cv_diff_rev,cv_diff_rev,avg_highV_rev,highV_rev,avg_lowV_rev,lowV_rev,ignore_first,cv_date_uploaded,temp(C),electrode_used,paths,valid_flag,cv_error,avg_conductivity,conductivity,geis_date_uploaded,geis_error,errors,Li2SO4,LiAC,LiClO4,LiFSI,LiNO3,LiTFSI
74793e2b12674a3bb0863192bc7a02b8,LiAC_0p1m,4.984299704716726,False,2.20599335,"[2.2068409, 2.2010034999999997, 2.2109832000000003]",1.1590367499999998,"[1.1418598, 1.1526496, 1.1654239]",-1.0469566000000001,"[-1.0649811, -1.0483539, -1.0455593]",2.3436650500000002,"[2.3494349, 2.3376685, 2.3496616]",1.2514023,"[1.240168, 1.2449967, 1.2578079]",-1.09226275,"[-1.1092669, -1.0926718, -1.0918537]",True,2025-06-12 17:13:58,23.81,Pt,"['C:\\AttomRobotFiles\\Data\\DB_Missaka\\eis\\AC_0p10m_geis0.csv', 'C:\\AttomRobotFiles\\Data\\DB_Missaka\\eis\\AC_0p10m_geis1.csv', 'C:\\AttomRobotFiles\\Data\\DB_Missaka\\eis\\AC_0p10m_geis2.csv', 'C:\\AttomRobotFiles\\Data\\DB_Missaka\\cv\\AC_0p10m_cv0.csv', 'C:\\AttomRobotFiles\\Data\\DB_Missaka\\cv\\AC_0p10m_cv1.csv', 'C:\\AttomRobotFiles\\Data\\DB_Missaka\\cv\\AC_0p10m_cv2.csv']",True,0.009979700000000591,0.00592013039947732,"[0.005789535388045468, 0.005865531817988049, 0.00597472898096659]",2025-06-12 17:07:57,0.00010919716297854137,,,0.1,,,,
b1b2c98a87fc4891a058e2b6b6260713,LiAC_0p5m,4.92247228993614,False,2.1669925,"[2.1609735, 2.1690019, 2.1649830999999997]",1.14936525,"[1.1214348, 1.1458668, 1.1528637]",-1.0176272499999999,"[-1.0395387, -1.0231351, -1.0121194]",2.3056065500000003,"[2.2935779, 2.3075922, 2.3036209000000003]",1.23968885,"[1.2077632, 1.2361587, 1.243219]",-1.0659177,"[-1.0858147, -1.0714335, -1.0604019]",True,2025-06-12 18:27:07,23.5,Pt,"['C:\\AttomRobotFiles\\Data\\DB_Missaka\\eis\\AC_0p50m_geis0.csv', 'C:\\AttomRobotFiles\\Data\\DB_Missaka\\eis\\AC_0p50m_geis1.csv', 'C:\\AttomRobotFiles\\Data\\DB_Missaka\\eis\\AC_0p50m_geis2.csv', 'C:\\AttomRobotFiles\\Data\\DB_Missaka\\cv\\AC_0p50m_cv0.csv', 'C:\\AttomRobotFiles\\Data\\DB_Missaka\\cv\\AC_0p50m_cv1.csv', 'C:\\AttomRobotFiles\\Data\\DB_Missaka\\cv\\AC_0p50m_cv2.csv']",True,-0.004018800000000322,0.021352514802717236,"[0.02054452451704227, 0.02132632677938375, 0.021378702826050724]",2025-06-12 18:21:11,5.237604666697218e-05,,,0.5,,,,
335447199e594039854d3e3e15e25634,LiAC_1m,4.8473120886958485,False,2.15794555,"[2.1489506, 2.1589271, 2.1569640000000003]",1.1492522,"[1.1268165, 1.1474302, 1.1510742]",-1.0086933500000002,"[-1.0221341, -1.0114969, -1.0058898]",2.32060485,"[2.3075831, 2.3235873, 2.3176224000000003]",1.26360085,"[1.2371687, 1.263791, 1.2634107]",-1.057004,"[-1.0704144, -1.0597963, -1.0542117]",True,2025-06-12 19:40:27,23.5,Pt,"['C:\\AttomRobotFiles\\Data\\DB_Missaka\\eis\\AC_1p00m_geis0.csv', 'C:\\AttomRobotFiles\\Data\\DB_Missaka\\eis\\AC_1p00m_geis1.csv', 'C:\\AttomRobotFiles\\Data\\DB_Missaka\\eis\\AC_1p00m_geis2.csv', 'C:\\AttomRobotFiles\\Data\\DB_Missaka\\cv\\AC_1p00m_cv0.csv', 'C:\\AttomRobotFiles\\Data\\DB_Missaka\\cv\\AC_1p00m_cv1.csv', 'C:\\AttomRobotFiles\\Data\\DB_Missaka\\cv\\AC_1p00m_cv2.csv']",True,-0.0019630999999997734,0.03099535176587323,"[0.03192174076758811, 0.03164229385685353, 0.030348409674892933]",2025-06-12 19:34:29,-0.0012938841819605945,,,1.0,,,,
ddb190ef58034dadbbd1687235166c04,LiAC_2m,4.70367327901001,False,2.17303275,"[2.1409995, 2.1950854, 2.1509801]",1.12912875,"[1.0877917, 1.1438576, 1.1143999]",-1.043904,"[-1.0532078, -1.0512278, -1.0365802]",2.38560395,"[2.3316169, 2.4235119000000003, 2.347696]",1.28740955,"[1.2241445, 1.3200301, 1.254789]",-1.0981944000000001,"[-1.1074724, -1.1034818, -1.092907]",True,2025-06-16 23:27:29,23.81,Pt,"['C:\\AttomRobotFiles\\Data\\DB_Missaka\\eis\\AC_2p00m_geis0.csv', 'C:\\AttomRobotFiles\\Data\\DB_Missaka\\eis\\AC_2p00m_geis1.csv', 'C:\\AttomRobotFiles\\Data\\DB_Missaka\\eis\\AC_2p00m_geis2.csv', 'C:\\AttomRobotFiles\\Data\\DB_Missaka\\cv\\AC_2p00m_cv0.csv', 'C:\\AttomRobotFiles\\Data\\DB_Missaka\\cv\\AC_2p00m_cv1.csv', 'C:\\AttomRobotFiles\\Data\\DB_Missaka\\cv\\AC_2p00m_cv2.csv']",True,-0.044105300000000014,0.040114083196685885,"[0.0388019671142198, 0.038220746262118015, 0.04200742013125376]",2025-06-16 23:21:24,0.003786673869135747,,,2.0,,,,
77fca1c207804f26be6c2353b101cb5a,LiAC_3m,4.568302275627238,False,,[],,[],,[],,[],,[],,[],True,,23.62,Pt,"['C:\\AttomRobotFiles\\Data\\DB_Missaka\\eis\\AC_3p00m_geis0.csv', 'C:\\AttomRobotFiles\\Data\\DB_Missaka\\eis\\AC_3p00m_geis1.csv', 'C:\\AttomRobotFiles\\Data\\DB_Missaka\\eis\\AC_3p00m_geis2.csv']",True,,0.000840676100566142,"[0.037575744682767795, 0.0007833056081282276, 0.0008980465930040563]",2025-06-04 20:27:13,0.00011474098487582879,,,3.0,,,,
38f5bfb3b1864411b7cdb1ce09e74119,LiAC_4m,4.440505209364047,False,,[],,[],,[],,[],,[],,[],True,,23.43,Pt,"['C:\\AttomRobotFiles\\Data\\DB_Missaka\\eis\\AC_4p00m_geis0.csv', 'C:\\AttomRobotFiles\\Data\\DB_Missaka\\eis\\AC_4p00m_geis1.csv', 'C:\\AttomRobotFiles\\Data\\DB_Missaka\\eis\\AC_4p00m_geis2.csv']",True,,0.01509918614483786,"[0.03487407837347515, 0.029482515563085912, 0.0007158567265898074]",2025-06-04 21:43:21,-0.028766658836496106,,,4.0,,,,
9b25de8cf733419e9ae2f193d317d242,LiClO4_0p1m,4.978012652850601,False,2.28607305,"[2.3891368, 2.2870787000000004, 2.2850674]",1.2548337,"[1.4204571, 1.255141, 1.2545264]",-1.0312393499999999,"[-0.9686797, -1.0319377, -1.030541]",2.4155506,"[2.6078775, 2.4196792, 2.411422]",1.3400401,"[1.5168136, 1.3434564, 1.3366238]",-1.0755105,"[-1.0910639, -1.0762228, -1.0747982]",True,2025-06-12 20:59:49,23.43,Pt,"['C:\\AttomRobotFiles\\Data\\DB_Missaka\\eis\\ClO4_0p10m_geis0.csv', 'C:\\AttomRobotFiles\\Data\\DB_Missaka\\eis\\ClO4_0p10m_geis1.csv', 'C:\\AttomRobotFiles\\Data\\DB_Missaka\\eis\\ClO4_0p10m_geis2.csv', 'C:\\AttomRobotFiles\\Data\\DB_Missaka\\cv\\ClO4_0p10m_cv0.csv', 'C:\\AttomRobotFiles\\Data\\DB_Missaka\\cv\\ClO4_0p10m_cv1.csv', 'C:\\AttomRobotFiles\\Data\\DB_Missaka\\cv\\ClO4_0p10m_cv2.csv']",True,-0.0020113000000003822,0.007965184893757,"[0.00885946642453767, 0.0079375240147852, 0.007992845772728801]",2025-06-12 20:53:45,5.532175794360078e-05,,,,0.1,,,
dac807f01a42409e898fbc286391a73e,LiClO4_0p5m,4.891963611122615,False,2.25795185,"[2.2830706999999997, 2.2610685, 2.2548352]",1.23672775,"[1.2817835, 1.2433558, 1.2300997]",-1.0212241,"[-1.0012872, -1.0177127, -1.0247355]",2.3825432,"[2.4114867, 2.3876470000000003, 2.3774394]",1.3180439000000002,"[1.3658855, 1.3256437, 1.3104441]",-1.0644993,"[-1.0456012, -1.0620033, -1.0669953]",True,2025-06-12 22:18:18,23.25,Pt,"['C:\\AttomRobotFiles\\Data\\DB_Missaka\\eis\\ClO4_0p50m_geis0.csv', 'C:\\AttomRobotFiles\\Data\\DB_Missaka\\eis\\ClO4_0p50m_geis1.csv', 'C:\\AttomRobotFiles\\Data\\DB_Missaka\\eis\\ClO4_0p50m_geis2.csv', 'C:\\AttomRobotFiles\\Data\\DB_Missaka\\cv\\ClO4_0p50m_cv0.csv', 'C:\\AttomRobotFiles\\Data\\DB_Missaka\\cv\\ClO4_0p50m_cv1.csv', 'C:\\AttomRobotFiles\\Data\\DB_Missaka\\cv\\ClO4_0p50m_cv2.csv']",True,-0.006233299999999886,0.03711919324846355,"[0.03316922613532635, 0.03759839748493496, 0.03663998901199215]",2025-06-12 22:12:23,-0.0009584084729428108,,,,0.5,,,
c2c5a7b7f64d4913af731f4da4544a7e,LiClO4_1m,4.788497221529918,False,2.27204475,"[2.4231929, 2.2770466000000003, 2.2670429]",1.2197978,"[1.3550276, 1.2246987, 1.2148969]",-1.05224695,"[-1.0681653, -1.0523479, -1.052146]",2.39463645,"[2.5898225000000004, 2.3976504, 2.3916225000000004]",1.3001170000000002,"[1.4713609, 1.3050177, 1.2952163]",-1.09451945,"[-1.1184616, -1.0926327, -1.0964062]",True,2025-06-12 23:37:18,23.18,Pt,"['C:\\AttomRobotFiles\\Data\\DB_Missaka\\eis\\ClO4_1p00m_geis0.csv', 'C:\\AttomRobotFiles\\Data\\DB_Missaka\\eis\\ClO4_1p00m_geis1.csv', 'C:\\AttomRobotFiles\\Data\\DB_Missaka\\eis\\ClO4_1p00m_geis2.csv', 'C:\\AttomRobotFiles\\Data\\DB_Missaka\\cv\\ClO4_1p00m_cv0.csv', 'C:\\AttomRobotFiles\\Data\\DB_Missaka\\cv\\ClO4_1p00m_cv1.csv', 'C:\\AttomRobotFiles\\Data\\DB_Missaka\\cv\\ClO4_1p00m_cv2.csv']",True,-0.010003700000000393,0.05851611359385246,"[0.062377570543460326, 0.05853319317961941, 0.058499034008085524]",2025-06-12 23:31:18,-3.4159171533883204e-05,,,,1.0,,,
407111889b2743629c103f155de5862a,LiClO4_2m,4.594161631566526,False,2.2659658,"[2.3371402, 2.2650766, 2.266855]",1.2211847,"[1.3045464, 1.2226866, 1.2196828]",-1.0447811,"[-1.0325938, -1.04239, -1.0471722]",2.4075789,"[2.4897501, 2.4096541, 2.4055037]",1.3175115000000002,"[1.4048842, 1.3210115, 1.3140115]",-1.0900674000000001,"[-1.0848659, -1.0886426, -1.0914922]",True,2025-06-17 00:46:23,23.75,Pt,"['C:\\AttomRobotFiles\\Data\\DB_Missaka\\eis\\ClO4_2p0m_geis0.csv', 'C:\\AttomRobotFiles\\Data\\DB_Missaka\\eis\\ClO4_2p0m_geis1.csv', 'C:\\AttomRobotFiles\\Data\\DB_Missaka\\eis\\ClO4_2p0m_geis2.csv', 'C:\\AttomRobotFiles\\Data\\DB_Missaka\\cv\\ClO4_2p0m_cv0.csv', 'C:\\AttomRobotFiles\\Data\\DB_Missaka\\cv\\ClO4_2p0m_cv1.csv', 'C:\\AttomRobotFiles\\Data\\DB_Missaka\\cv\\ClO4_2p0m_cv2.csv']",True,0.0017784000000000688,0.10260932157411373,"[0.10266497379880618, 0.1025510220037583, 0.10266762114446917]",2025-06-17 00:40:23,0.00011659914071086852,,,,2.0,,,
e1594b509d1142d7a87dc0ae7cd55b39,LiFSI_1p25m_LiNO3_1p01m_LiClO4_0p7m_Li2SO4_0p43m,4.174122396050318,False,2.43019565,"[2.3711698, 2.4372005000000003, 2.4231908]",1.29834505,"[1.3313516, 1.3231691, 1.273521]",-1.1318506,"[-1.0398182, -1.1140314, -1.1496698]",2.59283995,"[2.5678779, 2.5978173, 2.5878626000000002]",1.41067955,"[1.477775, 1.4334818, 1.3878773]",-1.1821604,"[-1.0901029, -1.1643355, -1.1999853]",True,2025-03-11 11:30:25,2.8752,Pt,"['C:\\AttomRobotFiles\\Data\\DB_Missaka\\eis\\FSI_1p25m_NO3_1p01m_ClO4_0p70m_SO4_0p43m_geis0.csv', 'C:\\AttomRobotFiles\\Data\\DB_Missaka\\eis\\FSI_1p25m_NO3_1p01m_ClO4_0p70m_SO4_0p43m_geis1.csv', 'C:\\AttomRobotFiles\\Data\\DB_Missaka\\eis\\FSI_1p25m_NO3_1p01m_ClO4_0p70m_SO4_0p43m_geis2.csv', 'C:\\AttomRobotFiles\\Data\\DB_Missaka\\cv\\FSI_1p25m_NO3_1p01m_ClO4_0p70m_SO4_0p43m_cv0.csv', 'C:\\AttomRobotFiles\\Data\\DB_Missaka\\cv\\FSI_1p25m_NO3_1p01m_ClO4_0p70m_SO4_0p43m_cv1.csv', 'C:\\AttomRobotFiles\\Data\\DB_Missaka\\cv\\FSI_1p25m_NO3_1p01m_ClO4_0p70m_SO4_0p43m_cv2.csv']",True,-0.014009700000000347,0.09009374877791469,"[0.10064635617051226, 0.09368331791668277, 0.08650417963914661]",2025-03-11 11:24:02,-0.007179138277536162,,0.43,,0.7,1.25,1.01,
9ee93a084bd249999a0b0ae4f9cf44d4,LiFSI_1p68m,4.350287824396393,False,2.3520655,"[2.3772187000000002, 2.3409647, 2.3631663]",1.2869348500000002,"[1.3479805, 1.2849208, 1.2889489]",-1.06513065,"[-1.0292382, -1.0560439, -1.0742174]",2.4906788,"[2.5277854, 2.4775497, 2.5038079]",1.3782603500000001,"[1.4462838, 1.3772534, 1.3792673]",-1.1124184499999998,"[-1.0815016, -1.1002963, -1.1245406]",True,2025-02-17 10:51:57,2.8753998,Pt,"['C:\\AttomRobotFiles\\Data\\DB_Missaka\\eis\\FSI_1p68m_geis0.csv', 'C:\\AttomRobotFiles\\Data\\DB_Missaka\\eis\\FSI_1p68m_geis1.csv', 'C:\\AttomRobotFiles\\Data\\DB_Missaka\\eis\\FSI_1p68m_geis2.csv', 'C:\\AttomRobotFiles\\Data\\DB_Missaka\\cv\\FSI_1p68m_cv0.csv', 'C:\\AttomRobotFiles\\Data\\DB_Missaka\\cv\\FSI_1p68m_cv1.csv', 'C:\\AttomRobotFiles\\Data\\DB_Missaka\\cv\\FSI_1p68m_cv2.csv']",True,0.022201600000000266,0.045401850479293515,"[0.0009745045178792502, 0.028339506530291804, 0.062464194428295226]",2025-02-17 10:51:56,0.03412468789800342,,,,,1.68,,
dda812f629e04d72b56f51a4a7087c38,LiFSI_21m,1.744065085651964,False,2.87833135,"[2.749374, 2.8632422, 2.8934205]",1.693106,"[1.6541108, 1.706722, 1.67949]",-1.18522535,"[-1.0952632, -1.1565202, -1.2139305]",3.1510514,"[2.9420403999999998, 3.1279386, 3.1741642]",1.91753595,"[1.804454, 1.9231492, 1.9119227]",-1.23351545,"[-1.1375864, -1.2047894, -1.2622415]",True,2025-02-17 10:51:57,2.8753,Pt,"['C:\\AttomRobotFiles\\Data\\DB_Missaka\\eis\\FSI_21m_geis0.csv', 'C:\\AttomRobotFiles\\Data\\DB_Missaka\\eis\\FSI_21m_geis1.csv', 'C:\\AttomRobotFiles\\Data\\DB_Missaka\\eis\\FSI_21m_geis2.csv', 'C:\\AttomRobotFiles\\Data\\DB_Missaka\\cv\\FSI_21m_cv0.csv', 'C:\\AttomRobotFiles\\Data\\DB_Missaka\\cv\\FSI_21m_cv1.csv', 'C:\\AttomRobotFiles\\Data\\DB_Missaka\\cv\\FSI_21m_cv2.csv']",True,0.03017829999999977,0.031045490410298797,"[0.03731778197788576, 0.031297220860407794, 0.030793759960189796]",2025-02-17 10:51:55,-0.0005034609002179981,,,,,21.0,,
bdd5eb4807014c83afa650e01dbad3e6,LiFSI_7p07m_LiAC_4p65m,2.8169267061974685,False,2.1680070000000002,"[1.9688356999999999, 2.2510632, 2.0849508]",1.18000365,"[1.1320407, 1.1796912, 1.1803161]",-0.9880033500000001,"[-0.836795, -1.071372, -0.9046347]",2.7477892500000003,"[2.447721, 2.7397955, 2.755783]",1.5924667000000001,"[1.3184391, 1.5860584, 1.598875]",-1.1553225500000002,"[-1.1292819, -1.1537371, -1.156908]",True,2025-04-16 18:38:04,2.8752,Pt,"['C:\\AttomRobotFiles\\Data\\DB_Missaka\\eis\\FSI_7p07m_AC_4p65m_geis0.csv', 'C:\\AttomRobotFiles\\Data\\DB_Missaka\\eis\\FSI_7p07m_AC_4p65m_geis1.csv', 'C:\\AttomRobotFiles\\Data\\DB_Missaka\\eis\\FSI_7p07m_AC_4p65m_geis2.csv', 'C:\\AttomRobotFiles\\Data\\DB_Missaka\\cv\\FSI_7p07m_AC_4p65m_cv0.csv', 'C:\\AttomRobotFiles\\Data\\DB_Missaka\\cv\\FSI_7p07m_AC_4p65m_cv1.csv', 'C:\\AttomRobotFiles\\Data\\DB_Missaka\\cv\\FSI_7p07m_AC_4p65m_cv2.csv']",True,-0.16611239999999983,0.03875450090104114,"[0.05201319349633769, 0.038950555853979794, 0.03855844594810249]",2025-04-16 18:31:11,-0.0003921099058773053,,,4.65,,7.07,,
263763cccdef4386a103b558249ccd2c,LiFSI_9p14m_LiAC_2p65m,2.63712432623805,False,2.2330657,"[2.5352773, 2.1429935, 2.3231379]",1.2463370500000002,"[1.3712413, 1.2601519, 1.2325222]",-0.9867286500000001,"[-1.164036, -0.8828416, -1.0906157]",2.77079235,"[2.858069, 2.7557888999999998, 2.7857958]",1.62868875,"[1.6336918, 1.6204939, 1.6368836]",-1.1421036,"[-1.2243772, -1.135295, -1.1489122]",True,2025-04-16 19:52:45,2.8748999,Pt,"['C:\\AttomRobotFiles\\Data\\DB_Missaka\\eis\\FSI_9p14m_AC_2p65m_geis0.csv', 'C:\\AttomRobotFiles\\Data\\DB_Missaka\\eis\\FSI_9p14m_AC_2p65m_geis1.csv', 'C:\\AttomRobotFiles\\Data\\DB_Missaka\\eis\\FSI_9p14m_AC_2p65m_geis2.csv', 'C:\\AttomRobotFiles\\Data\\DB_Missaka\\cv\\FSI_9p14m_AC_2p65m_cv0.csv', 'C:\\AttomRobotFiles\\Data\\DB_Missaka\\cv\\FSI_9p14m_AC_2p65m_cv1.csv', 'C:\\AttomRobotFiles\\Data\\DB_Missaka\\cv\\FSI_9p14m_AC_2p65m_cv2.csv']",True,0.18014439999999965,0.04840128507806139,"[0.06981699157320688, 0.04855072554449113, 0.04825184461163166]",2025-04-16 19:45:50,-0.0002988809328594716,,,2.65,,9.14,,
8e5fa1d6b5c846428b3a5063d161c2e4,LiFSI_9p59m_LiNO3_1p6m,2.637253398854117,False,2.6573874,"[2.6093611, 2.6533865, 2.6613883]",1.56846425,"[1.5589602, 1.5755699, 1.5613586]",-1.08892315,"[-1.0504009, -1.0778166, -1.1000297]",2.8609037,"[2.8118545, 2.8579106000000003, 2.8638968]",1.72068745,"[1.7111917, 1.7277952, 1.7135797]",-1.14021625,"[-1.1006628, -1.1301154, -1.1503171]",True,2025-04-01 22:17:18,2.8753,Pt,"['C:\\AttomRobotFiles\\Data\\DB_Missaka\\eis\\FSI_9p59m_NO3_1p6m_geis0.csv', 'C:\\AttomRobotFiles\\Data\\DB_Missaka\\eis\\FSI_9p59m_NO3_1p6m_geis1.csv', 'C:\\AttomRobotFiles\\Data\\DB_Missaka\\eis\\FSI_9p59m_NO3_1p6m_geis2.csv', 'C:\\AttomRobotFiles\\Data\\DB_Missaka\\cv\\FSI_9p59m_NO3_1p6m_cv0.csv', 'C:\\AttomRobotFiles\\Data\\DB_Missaka\\cv\\FSI_9p59m_NO3_1p6m_cv1.csv', 'C:\\AttomRobotFiles\\Data\\DB_Missaka\\cv\\FSI_9p59m_NO3_1p6m_cv2.csv']",True,0.00800180000000017,0.08313500418641528,"[0.08759171551508432, 0.08103420743963749, 0.08523580093319306]",2025-04-01 22:10:27,0.004201593493555575,,,,,9.59,1.6,
78d5acb529ab41eab27d6a54a9d73801,LiNO3_0p1m,4.98648145477676,False,2.294891,"[2.2730691, 2.3089242, 2.2808577999999997]",1.25943745,"[1.3179617, 1.2449347, 1.2739402]",-1.03545355,"[-0.9551074, -1.0639895, -1.0069176]",2.449516,"[2.3816565599999997, 2.4414843, 2.4575477]",1.34974425,"[1.4143084, 1.3352177, 1.3642708]",-1.09977175,"[-0.96734816, -1.1062666, -1.0932769]",True,2025-06-12 13:33:52,23.93,Pt,"['C:\\AttomRobotFiles\\Data\\DB_Missaka\\eis\\NO3_0p10m_geis0.csv', 'C:\\AttomRobotFiles\\Data\\DB_Missaka\\eis\\NO3_0p10m_geis1.csv', 'C:\\AttomRobotFiles\\Data\\DB_Missaka\\eis\\NO3_0p10m_geis2.csv', 'C:\\AttomRobotFiles\\Data\\DB_Missaka\\cv\\NO3_0p10m_cv0.csv', 'C:\\AttomRobotFiles\\Data\\DB_Missaka\\cv\\NO3_0p10m_cv1.csv', 'C:\\AttomRobotFiles\\Data\\DB_Missaka\\cv\\NO3_0p10m_cv2.csv']",True,-0.028066400000000158,0.007840622997160113,"[0.007610343802301507, 0.00789649906414423, 0.0077847469301759965]",2025-06-12 13:27:43,-0.00011175213396823289,,,,,,0.1,
e8dcc23b6c504ac7896dd425b1d55792,LiNO3_0p1m,4.98648145477676,False,,[],,[],,[],,[],,[],,[],True,,23.43,Pt,"['C:\\AttomRobotFiles\\Data\\DB_Missaka\\eis\\NO3_0p1m_GC_geis0.csv', 'C:\\AttomRobotFiles\\Data\\DB_Missaka\\eis\\NO3_0p1m_GC_geis1.csv', 'C:\\AttomRobotFiles\\Data\\DB_Missaka\\eis\\NO3_0p1m_GC_geis2.csv']",True,,0.008983984583214547,"[0.008506821736773394, 0.008890625180817052, 0.00907734398561204]",2025-12-04 15:44:46,0.00018671880479498824,,,,,,0.1,
b39c4f5d896a42c7a23a7262b88e41c0,LiNO3_0p5m,4.933130457036286,False,2.2840281,"[2.3071104, 2.2809406, 2.2871156]",1.2493663000000002,"[1.2709416, 1.2561777, 1.2425549]",-1.0346617999999999,"[-1.0361688, -1.0247629, -1.0445607]",2.4416216,"[2.4455234, 2.4475224, 2.4357208]",1.3556859,"[1.3650911, 1.3644856, 1.3468862]",-1.0859356999999998,"[-1.0804323, -1.0830368, -1.0888346]",True,2025-06-12 14:47:12,23.93,Pt,"['C:\\AttomRobotFiles\\Data\\DB_Missaka\\eis\\NO3_0p50m_geis0.csv', 'C:\\AttomRobotFiles\\Data\\DB_Missaka\\eis\\NO3_0p50m_geis1.csv', 'C:\\AttomRobotFiles\\Data\\DB_Missaka\\eis\\NO3_0p50m_geis2.csv', 'C:\\AttomRobotFiles\\Data\\DB_Missaka\\cv\\NO3_0p50m_cv0.csv', 'C:\\AttomRobotFiles\\Data\\DB_Missaka\\cv\\NO3_0p50m_cv1.csv', 'C:\\AttomRobotFiles\\Data\\DB_Missaka\\cv\\NO3_0p50m_cv2.csv']",True,0.0061749999999998195,0.03529975818381988,"[0.03437033927811357, 0.03422011578457742, 0.03637940058306235]",2025-06-12 14:41:12,0.0021592847984849284,,,,,,0.5,
dfe777c7fdba4099911823a9ae2ddc0d,LiNO3_1m,4.868025923310825,False,2.30514775,"[2.3511783, 2.3111568, 2.2991387000000003]",1.253501,"[1.2941453, 1.2596974, 1.2473046]",-1.05164675,"[-1.057033, -1.0514594, -1.0518341]",2.4627423,"[2.4737733000000004, 2.4657317, 2.4597529]",1.3658312000000001,"[1.3724647, 1.3700173, 1.3616451]",-1.0969111,"[-1.1013086, -1.0957144, -1.0981078]",True,2025-02-17 10:51:57,23.75,Pt,"['C:\\AttomRobotFiles\\Data\\DB_Missaka\\eis\\NO3_1m_geis0.csv', 'C:\\AttomRobotFiles\\Data\\DB_Missaka\\eis\\NO3_1m_geis1.csv', 'C:\\AttomRobotFiles\\Data\\DB_Missaka\\eis\\NO3_1m_geis2.csv', 'C:\\AttomRobotFiles\\Data\\DB_Missaka\\cv\\NO3_1m_cv0.csv', 'C:\\AttomRobotFiles\\Data\\DB_Missaka\\cv\\NO3_1m_cv1.csv', 'C:\\AttomRobotFiles\\Data\\DB_Missaka\\cv\\NO3_1m_cv2.csv']",True,-0.012018099999999698,0.057355818727619856,"[0.05718524964689201, 0.05820896897189774, 0.056502668483341977]",2025-02-17 10:51:56,-0.0017063004885557662,,,,,,1.0,
77292cd0d69f4ff7807b9740e9a9c5ab,LiNO3_1m,4.868025923310825,False,2.2970105,"[2.3071341, 2.2990919, 2.2949291]",1.26113755,"[1.276942, 1.2657282, 1.2565469]",-1.03587295,"[-1.0301921, -1.0333637, -1.0383822]",2.45762125,"[2.4577188999999997, 2.4577188000000003, 2.4575237]",1.3774828000000001,"[1.3832897, 1.3800752, 1.3748904]",-1.08013845,"[-1.0744292, -1.0776436, -1.0826333]",True,2025-06-12 16:00:38,24.0,Pt,"['C:\\AttomRobotFiles\\Data\\DB_Missaka\\eis\\NO3_1p00m_geis0.csv', 'C:\\AttomRobotFiles\\Data\\DB_Missaka\\eis\\NO3_1p00m_geis1.csv', 'C:\\AttomRobotFiles\\Data\\DB_Missaka\\eis\\NO3_1p00m_geis2.csv', 'C:\\AttomRobotFiles\\Data\\DB_Missaka\\cv\\NO3_1p00m_cv0.csv', 'C:\\AttomRobotFiles\\Data\\DB_Missaka\\cv\\NO3_1p00m_cv1.csv', 'C:\\AttomRobotFiles\\Data\\DB_Missaka\\cv\\NO3_1p00m_cv2.csv']",True,-0.004162800000000022,0.05960825545943002,"[0.06076275712408041, 0.062454003318579226, 0.056762507600280815]",2025-06-12 15:54:34,-0.005691495718298412,,,,,,1.0,
d5f81124563048c6bdb352f4ba41288c,LiNO3_1p4m_LiClO4_2m_LiAC_2p1m,4.193078349782683,False,2.1780518,"[2.1570378, 2.1770614999999998, 2.1790421]",1.1450151000000002,"[1.1057838, 1.1450138, 1.1450164]",-1.0330366999999998,"[-1.051254, -1.0320477, -1.0340257]",2.4706733,"[2.4237264, 2.4695727, 2.4717739]",1.37335995,"[1.3142058, 1.3732654, 1.3734545]",-1.09731335,"[-1.1095206, -1.0963073, -1.0983194]",True,2025-03-24 13:11:44,2.8748,Pt,"['C:\\AttomRobotFiles\\Data\\DB_Missaka\\eis\\NO3_1p4m_ClO4_2m_AC_2p1m_geis0.csv', 'C:\\AttomRobotFiles\\Data\\DB_Missaka\\eis\\NO3_1p4m_ClO4_2m_AC_2p1m_geis1.csv', 'C:\\AttomRobotFiles\\Data\\DB_Missaka\\eis\\NO3_1p4m_ClO4_2m_AC_2p1m_geis2.csv', 'C:\\AttomRobotFiles\\Data\\DB_Missaka\\cv\\NO3_1p4m_ClO4_2m_AC_2p1m_cv0.csv', 'C:\\AttomRobotFiles\\Data\\DB_Missaka\\cv\\NO3_1p4m_ClO4_2m_AC_2p1m_cv1.csv', 'C:\\AttomRobotFiles\\Data\\DB_Missaka\\cv\\NO3_1p4m_ClO4_2m_AC_2p1m_cv2.csv']",True,0.001980600000000443,0.08533800377824546,"[0.0859030828019429, 0.07445534539762332, 0.0962206621588676]",2025-03-24 13:05:23,0.021765316761244283,,,2.1,2.0,,1.4,
47d07d30155f47f788a3e76a831867eb,LiNO3_2m,4.742839549231871,False,2.3001306,"[2.3210819999999996, 2.305142, 2.2951192000000002]",1.2778917,"[1.3367139, 1.2887074, 1.267076]",-1.0222389,"[-0.9843681, -1.0164346, -1.0280432]",2.4817531500000003,"[2.4975913, 2.4877636, 2.4757427]",1.4152472999999999,"[1.4669092, 1.4270511, 1.4034435]",-1.06650585,"[-1.0306821, -1.0607125, -1.0722992]",True,2025-02-17 10:51:58,24.06,Pt,"['C:\\AttomRobotFiles\\Data\\DB_Missaka\\eis\\NO3_2m_geis0.csv', 'C:\\AttomRobotFiles\\Data\\DB_Missaka\\eis\\NO3_2m_geis1.csv', 'C:\\AttomRobotFiles\\Data\\DB_Missaka\\eis\\NO3_2m_geis2.csv', 'C:\\AttomRobotFiles\\Data\\DB_Missaka\\cv\\NO3_2m_cv0.csv', 'C:\\AttomRobotFiles\\Data\\DB_Missaka\\cv\\NO3_2m_cv1.csv', 'C:\\AttomRobotFiles\\Data\\DB_Missaka\\cv\\NO3_2m_cv2.csv']",True,-0.010022799999999776,0.10652821079397347,"[0.09720099091528138, 0.10496373899357192, 0.10809268259437502]",2025-02-17 10:51:55,0.003128943600803097,,,,,,2.0,
abc0937f1c704874a792ecba30e44645,LiNO3_2m,4.742839549231871,False,2.44721385,"[2.347104, 2.4011705, 2.4932572]",1.364409,"[1.3447729, 1.3389862, 1.3898318]",-1.08280485,"[-1.0023311, -1.0621843, -1.1034254]",2.6167613,"[2.5077724999999997, 2.5716129, 2.6619097]",1.4896688500000002,"[1.4611357, 1.4651419, 1.5141958]",-1.1270924500000001,"[-1.0466368, -1.106471, -1.1477139]",True,2025-06-16 22:13:51,23.81,Pt,"['C:\\AttomRobotFiles\\Data\\DB_Missaka\\eis\\NO3_2p00m_geis0.csv', 'C:\\AttomRobotFiles\\Data\\DB_Missaka\\eis\\NO3_2p00m_geis1.csv', 'C:\\AttomRobotFiles\\Data\\DB_Missaka\\eis\\NO3_2p00m_geis2.csv', 'C:\\AttomRobotFiles\\Data\\DB_Missaka\\cv\\NO3_2p00m_cv0.csv', 'C:\\AttomRobotFiles\\Data\\DB_Missaka\\cv\\NO3_2p00m_cv1.csv', 'C:\\AttomRobotFiles\\Data\\DB_Missaka\\cv\\NO3_2p00m_cv2.csv']",True,0.09208669999999985,0.08685234932829597,"[0.08960848605230913, 0.08057502055996299, 0.09312967809662896]",2025-06-16 22:07:21,0.012554657536665972,,,,,,2.0,
7cbb0b9343e64fc1bda521f56bd7ef3a,LiNO3_2p28m_LiClO4_0p79m_Li2SO4_0p98m,4.304748738466392,False,2.37716595,"[2.3651711, 2.3791488000000003, 2.3751831]",1.3277462500000001,"[1.3239745, 1.3313481, 1.3241444]",-1.0494197,"[-1.0411966, -1.0478007, -1.0510387]",2.5708374000000003,"[2.5616526, 2.5698242000000002, 2.5718506000000003]",1.4701419,"[1.4701728, 1.4717342, 1.4685496]",-1.1006955,"[-1.0914798, -1.09809, -1.103301]",True,2025-03-10 17:11:03,2.8753,Pt,"['C:\\AttomRobotFiles\\Data\\DB_Missaka\\eis\\NO3_2p28m_ClO4_0p79m_SO4_0p98m_geis0.csv', 'C:\\AttomRobotFiles\\Data\\DB_Missaka\\eis\\NO3_2p28m_ClO4_0p79m_SO4_0p98m_geis1.csv', 'C:\\AttomRobotFiles\\Data\\DB_Missaka\\eis\\NO3_2p28m_ClO4_0p79m_SO4_0p98m_geis2.csv', 'C:\\AttomRobotFiles\\Data\\DB_Missaka\\cv\\NO3_2p28m_ClO4_0p79m_SO4_0p98m_cv0.csv', 'C:\\AttomRobotFiles\\Data\\DB_Missaka\\cv\\NO3_2p28m_ClO4_0p79m_SO4_0p98m_cv1.csv', 'C:\\AttomRobotFiles\\Data\\DB_Missaka\\cv\\NO3_2p28m_ClO4_0p79m_SO4_0p98m_cv2.csv']",True,-0.003965700000000183,0.11671063388573429,"[0.10668685733431131, 0.12670905536622176, 0.10671221240524681]",2025-03-10 17:04:43,-0.019996842960974953,,0.98,,0.79,,2.28,
c495b21235fe41ef8ae6babc0e0c3f5d,LiNO3_3p5m_LiClO4_1m_LiAC_2p1m,4.148674421341318,False,2.19704925,"[2.1870364, 2.1970393, 2.1970592]",1.16042565,"[1.1520101, 1.1628213, 1.15803]",-1.0366236,"[-1.0350263, -1.034218, -1.0390292]",2.5207858,"[2.5117760999999996, 2.5197797, 2.5217919]",1.4198701,"[1.4144739, 1.4212718, 1.4184684]",-1.1009156999999998,"[-1.0973022, -1.0985079, -1.1033235]",True,2025-03-24 14:20:59,2.8748,Pt,"['C:\\AttomRobotFiles\\Data\\DB_Missaka\\eis\\NO3_3p5m_ClO4_1m_AC_2p1m_geis0.csv', 'C:\\AttomRobotFiles\\Data\\DB_Missaka\\eis\\NO3_3p5m_ClO4_1m_AC_2p1m_geis1.csv', 'C:\\AttomRobotFiles\\Data\\DB_Missaka\\eis\\NO3_3p5m_ClO4_1m_AC_2p1m_geis2.csv', 'C:\\AttomRobotFiles\\Data\\DB_Missaka\\cv\\NO3_3p5m_ClO4_1m_AC_2p1m_cv0.csv', 'C:\\AttomRobotFiles\\Data\\DB_Missaka\\cv\\NO3_3p5m_ClO4_1m_AC_2p1m_cv1.csv', 'C:\\AttomRobotFiles\\Data\\DB_Missaka\\cv\\NO3_3p5m_ClO4_1m_AC_2p1m_cv2.csv']",True,1.9899999999850593e-05,0.0894067633266395,"[0.004759965303496738, 0.07574830794578018, 0.10306521870749882]",2025-03-24 14:14:30,0.027316910761718646,,,2.1,1.0,,3.5,
f225efe566a74b3ca9e919066d4337e6,LiNO3_3p5m_LiClO4_2m,4.225741785789251,False,2.4162176,"[2.4232034000000002, 2.4211962, 2.411239]",1.3587058,"[1.3900902, 1.3718115, 1.3456001]",-1.0575118,"[-1.0331132, -1.0493847, -1.0656389]",2.6198607999999997,"[2.6058437999999997, 2.6218695, 2.6178521]",1.5150792,"[1.5264338, 1.5262026, 1.5039558]",-1.1047816,"[-1.07941, -1.0956669, -1.1138963]",True,2025-03-24 12:03:01,2.8748999,Pt,"['C:\\AttomRobotFiles\\Data\\DB_Missaka\\eis\\NO3_3p5m_ClO4_2m_geis0.csv', 'C:\\AttomRobotFiles\\Data\\DB_Missaka\\eis\\NO3_3p5m_ClO4_2m_geis1.csv', 'C:\\AttomRobotFiles\\Data\\DB_Missaka\\eis\\NO3_3p5m_ClO4_2m_geis2.csv', 'C:\\AttomRobotFiles\\Data\\DB_Missaka\\cv\\NO3_3p5m_ClO4_2m_cv0.csv', 'C:\\AttomRobotFiles\\Data\\DB_Missaka\\cv\\NO3_3p5m_ClO4_2m_cv1.csv', 'C:\\AttomRobotFiles\\Data\\DB_Missaka\\cv\\NO3_3p5m_ClO4_2m_cv2.csv']",True,-0.009957199999999666,0.16086123158878232,"[0.16066127617074621, 0.15157551052410106, 0.17014695265346358]",2025-03-24 11:56:35,0.018571442129362514,,,,2.0,,3.5,
3a0b1c95169241969a85fc2d56fc2dfe,LiNO3_4m,4.5108377361194,False,2.3691768,"[2.3751866, 2.3731774000000003, 2.3651762]",1.3271527500000002,"[1.3571821, 1.3379525, 1.316353]",-1.04202405,"[-1.0180045, -1.0352249, -1.0488232]",2.56686005,"[2.5558489, 2.5698781, 2.563842]",1.4805484500000001,"[1.493562, 1.4903749, 1.470722]",-1.0863116000000002,"[-1.0622869, -1.0795032, -1.09312]",True,2025-02-17 10:51:58,24.0,Pt,"['C:\\AttomRobotFiles\\Data\\DB_Missaka\\eis\\NO3_4m_geis0.csv', 'C:\\AttomRobotFiles\\Data\\DB_Missaka\\eis\\NO3_4m_geis1.csv', 'C:\\AttomRobotFiles\\Data\\DB_Missaka\\eis\\NO3_4m_geis2.csv', 'C:\\AttomRobotFiles\\Data\\DB_Missaka\\cv\\NO3_4m_cv0.csv', 'C:\\AttomRobotFiles\\Data\\DB_Missaka\\cv\\NO3_4m_cv1.csv', 'C:\\AttomRobotFiles\\Data\\DB_Missaka\\cv\\NO3_4m_cv2.csv']",True,-0.008001200000000264,0.1340793471275031,"[0.14089933018889989, 0.1341015441145562, 0.13405715014045003]",2025-02-17 10:51:56,-4.439397410616053e-05,,,,,,4.0,
67e581663fe641c8910bc2a1e74fe098,LiNO3_4p83m_LiAC_2p84m,4.097011457627146,False,2.20199745,"[2.2230527, 2.2030154, 2.2009795]",1.1665505,"[1.1964651, 1.1698495, 1.1632515]",-1.0354469499999999,"[-1.0265876, -1.0331659, -1.037728]",2.56281185,"[2.5638154, 2.5638244, 2.5617993]",1.46405655,"[1.4729443, 1.4663545, 1.4617586]",-1.0987553,"[-1.0908711, -1.0974699, -1.1000407]",True,2025-04-01 18:43:48,2.8753,Pt,"['C:\\AttomRobotFiles\\Data\\DB_Missaka\\eis\\NO3_4p83m_AC_2p84m_geis0.csv', 'C:\\AttomRobotFiles\\Data\\DB_Missaka\\eis\\NO3_4p83m_AC_2p84m_geis1.csv', 'C:\\AttomRobotFiles\\Data\\DB_Missaka\\eis\\NO3_4p83m_AC_2p84m_geis2.csv', 'C:\\AttomRobotFiles\\Data\\DB_Missaka\\cv\\NO3_4p83m_AC_2p84m_cv0.csv', 'C:\\AttomRobotFiles\\Data\\DB_Missaka\\cv\\NO3_4p83m_AC_2p84m_cv1.csv', 'C:\\AttomRobotFiles\\Data\\DB_Missaka\\cv\\NO3_4p83m_AC_2p84m_cv2.csv']",True,-0.0020359000000000904,0.07719782216216839,"[0.08513395732474233, 0.07699145599964019, 0.0774041883246966]",2025-04-01 18:37:16,0.00041273232505641133,,,2.84,,,4.83,
c16ad4285f5440758b90b42082ddf766,Li2SO4_0p1m,4.967154518979691,False,2.2178967299999996,"[2.2470226, 2.1749488599999998, 2.2608446]",1.2633256,"[1.1998985, 1.292751, 1.2339002]",-0.95457113,"[-1.0471241, -0.88219786, -1.0269444]",2.3335016,"[2.3816522, 2.2775889, 2.3894143000000003]",1.3546645499999999,"[1.2882313, 1.3911059, 1.3182232]",-0.9788370500000001,"[-1.0934209, -0.886483, -1.0711911]",True,2025-06-13 00:56:08,23.18,Pt,"['C:\\AttomRobotFiles\\Data\\DB_Missaka\\eis\\SO4_0p10m_geis0.csv', 'C:\\AttomRobotFiles\\Data\\DB_Missaka\\eis\\SO4_0p10m_geis1.csv', 'C:\\AttomRobotFiles\\Data\\DB_Missaka\\eis\\SO4_0p10m_geis2.csv', 'C:\\AttomRobotFiles\\Data\\DB_Missaka\\cv\\SO4_0p10m_cv0.csv', 'C:\\AttomRobotFiles\\Data\\DB_Missaka\\cv\\SO4_0p10m_cv1.csv', 'C:\\AttomRobotFiles\\Data\\DB_Missaka\\cv\\SO4_0p10m_cv2.csv']",True,0.08589574000000022,0.013051317234925346,"[0.012817388409974987, 0.013188472891613972, 0.012914161578236721]",2025-06-13 00:50:11,-0.00027431131337725054,,0.1,,,,,
fa702c089ed94f8b8cf30b839e0c6a4f,Li2SO4_0p1m,4.967154518979691,False,2.2720705,"[2.263065, 2.2690704999999998, 2.2750705]",1.2482289,"[1.2100939, 1.2237022, 1.2727556]",-1.0238416,"[-1.0529711, -1.0453683, -1.0023149]",2.4256981,"[2.3976461000000002, 2.4016931, 2.4497031]",1.3375536000000001,"[1.3024056, 1.3120284, 1.3630788]",-1.0881444999999998,"[-1.0952405, -1.0896647, -1.0866243]",True,2025-06-16 17:18:42,23.75,Pt,"['C:\\AttomRobotFiles\\Data\\DB_Missaka\\eis\\SO4_0p1m_geis0.csv', 'C:\\AttomRobotFiles\\Data\\DB_Missaka\\eis\\SO4_0p1m_geis1.csv', 'C:\\AttomRobotFiles\\Data\\DB_Missaka\\eis\\SO4_0p1m_geis2.csv', 'C:\\AttomRobotFiles\\Data\\DB_Missaka\\cv\\SO4_0p1m_cv0.csv', 'C:\\AttomRobotFiles\\Data\\DB_Missaka\\cv\\SO4_0p1m_cv1.csv', 'C:\\AttomRobotFiles\\Data\\DB_Missaka\\cv\\SO4_0p1m_cv2.csv']",True,0.006000000000000227,0.013498723518401465,"[0.013514751414869963, 0.013552638570812963, 0.013444808465989968]",2025-06-16 17:12:34,-0.0001078301048229955,,0.1,,,,,
87f86aa409074962a17d4abe14a3c69d,Li2SO4_0p5m,4.83997741005124,False,2.26606885,"[2.2690666999999998, 2.2690677, 2.26307]",1.2248082,"[1.2313182, 1.2275022, 1.2221142]",-1.04126065,"[-1.0377485, -1.0415655, -1.0409558]",2.4056751,"[2.4016875, 2.4076642, 2.403686]",1.3191359,"[1.3196499, 1.3218353, 1.3164365]",-1.0865392,"[-1.0820376, -1.0858289, -1.0872495]",True,2025-06-16 18:31:59,24.0,Pt,"['C:\\AttomRobotFiles\\Data\\DB_Missaka\\eis\\SO4_0p50m_geis0.csv', 'C:\\AttomRobotFiles\\Data\\DB_Missaka\\eis\\SO4_0p50m_geis1.csv', 'C:\\AttomRobotFiles\\Data\\DB_Missaka\\eis\\SO4_0p50m_geis2.csv', 'C:\\AttomRobotFiles\\Data\\DB_Missaka\\cv\\SO4_0p50m_cv0.csv', 'C:\\AttomRobotFiles\\Data\\DB_Missaka\\cv\\SO4_0p50m_cv1.csv', 'C:\\AttomRobotFiles\\Data\\DB_Missaka\\cv\\SO4_0p50m_cv2.csv']",True,-0.005997699999999995,0.04088843195399727,"[0.038050382515348175, 0.03842586591771387, 0.04335099799028067]",2025-06-16 18:25:59,0.0049251320725668055,,0.5,,,,,
a9a78e058395498cb570ff5158a06dac,Li2SO4_1m,4.689880059322863,False,2.2540714,"[2.2889223000000003, 2.2570804, 2.2510624000000004]",1.24158415,"[1.285136, 1.2457074, 1.2374609]",-1.01248725,"[-1.0037863, -1.011373, -1.0136015]",2.39870745,"[2.4175198, 2.3997099, 2.397705]",1.33990025,"[1.3674461, 1.3419982, 1.3378023]",-1.0588072,"[-1.0500737, -1.0577117, -1.0599027]",True,2025-02-17 10:51:58,2.8753998,Pt,"['C:\\AttomRobotFiles\\Data\\DB_Missaka\\eis\\SO4_1m_geis0.csv', 'C:\\AttomRobotFiles\\Data\\DB_Missaka\\eis\\SO4_1m_geis1.csv', 'C:\\AttomRobotFiles\\Data\\DB_Missaka\\eis\\SO4_1m_geis2.csv', 'C:\\AttomRobotFiles\\Data\\DB_Missaka\\cv\\SO4_1m_cv0.csv', 'C:\\AttomRobotFiles\\Data\\DB_Missaka\\cv\\SO4_1m_cv1.csv', 'C:\\AttomRobotFiles\\Data\\DB_Missaka\\cv\\SO4_1m_cv2.csv']",True,-0.006017999999999635,0.06609535819484894,"[0.06674237215548402, 0.06620758584262294, 0.06598313054707491]",2025-02-17 10:51:55,-0.0002244552955480289,,1.0,,,,,
fcdbc837e7a54ca7942f7db789af0394,Li2SO4_1m,4.689880059322863,False,2.27797395,"[2.2770736, 2.2930766, 2.2628713]",1.2352978000000001,"[1.233881, 1.2485101, 1.2220855]",-1.0426761500000001,"[-1.0431926, -1.0445665, -1.0407858]",2.4326063500000004,"[2.4257299999999997, 2.4497410000000004, 2.4154717000000003]",1.34163275,"[1.3362314, 1.3568541, 1.3264114]",-1.0909736,"[-1.0894986, -1.0928869, -1.0890603]",True,2025-06-16 19:45:35,23.68,Pt,"['C:\\AttomRobotFiles\\Data\\DB_Missaka\\eis\\SO4_1p00m_geis0.csv', 'C:\\AttomRobotFiles\\Data\\DB_Missaka\\eis\\SO4_1p00m_geis1.csv', 'C:\\AttomRobotFiles\\Data\\DB_Missaka\\eis\\SO4_1p00m_geis2.csv', 'C:\\AttomRobotFiles\\Data\\DB_Missaka\\cv\\SO4_1p00m_cv0.csv', 'C:\\AttomRobotFiles\\Data\\DB_Missaka\\cv\\SO4_1p00m_cv1.csv', 'C:\\AttomRobotFiles\\Data\\DB_Missaka\\cv\\SO4_1p00m_cv2.csv']",True,-0.03020529999999999,0.061954766641983794,"[0.06113577529820171, 0.0606593338794559, 0.06325019940451168]",2025-06-16 19:39:29,0.0025908655250557813,,1.0,,,,,
6c3bc4018a0147eaab995bd75feb1a04,Li2SO4_2m,4.415983171488229,False,2.27494055,"[2.2911343, 2.2769176, 2.2729635]",1.24980435,"[1.2857404, 1.2537, 1.2459087]",-1.0251362,"[-1.0053939, -1.0232176, -1.0270548]",2.4355465499999998,"[2.4417324000000002, 2.4375633, 2.4335298]",1.3631484999999999,"[1.3920478, 1.3660582, 1.3602388]",-1.0723980499999999,"[-1.0496846, -1.0715051, -1.073291]",True,2025-02-17 10:51:57,2.8753998,Pt,"['C:\\AttomRobotFiles\\Data\\DB_Missaka\\eis\\SO4_2m_geis0.csv', 'C:\\AttomRobotFiles\\Data\\DB_Missaka\\eis\\SO4_2m_geis1.csv', 'C:\\AttomRobotFiles\\Data\\DB_Missaka\\eis\\SO4_2m_geis2.csv', 'C:\\AttomRobotFiles\\Data\\DB_Missaka\\cv\\SO4_2m_cv0.csv', 'C:\\AttomRobotFiles\\Data\\DB_Missaka\\cv\\SO4_2m_cv1.csv', 'C:\\AttomRobotFiles\\Data\\DB_Missaka\\cv\\SO4_2m_cv2.csv']",True,-0.0039541000000000714,0.08015027046875603,"[0.07835352744438354, 0.08033376597934903, 0.07996677495816301]",2025-02-17 10:51:55,-0.0003669910211860222,,2.0,,,,,
6097c7bfc65841f491d4119f423ec574,Li2SO4_2m,4.415983171488229,False,2.3741528,"[2.3391598, 2.3311181, 2.4171875]",1.30735535,"[1.2841767, 1.2777394, 1.3369713]",-1.06679745,"[-1.0549831, -1.0533787, -1.0802162]",2.5366947499999997,"[2.509767, 2.4957366, 2.5776529]",1.42361095,"[1.4064935, 1.3940849, 1.453137]",-1.1130838,"[-1.1032735, -1.1016517, -1.1245159]",True,2025-06-16 20:59:47,23.68,Pt,"['C:\\AttomRobotFiles\\Data\\DB_Missaka\\eis\\SO4_2p00m_geis0.csv', 'C:\\AttomRobotFiles\\Data\\DB_Missaka\\eis\\SO4_2p00m_geis1.csv', 'C:\\AttomRobotFiles\\Data\\DB_Missaka\\eis\\SO4_2p00m_geis2.csv', 'C:\\AttomRobotFiles\\Data\\DB_Missaka\\cv\\SO4_2p00m_cv0.csv', 'C:\\AttomRobotFiles\\Data\\DB_Missaka\\cv\\SO4_2p00m_cv1.csv', 'C:\\AttomRobotFiles\\Data\\DB_Missaka\\cv\\SO4_2p00m_cv2.csv']",True,0.08606939999999996,0.07989107890352451,"[0.06765308183202359, 0.0864364691235654, 0.07334568868348362]",2025-06-16 20:53:22,-0.013090780440081773,,2.0,,,,,
7a8d66ad0ad14e118efc5894e40eab08,LiTFSI_0p19m_LiFSI_2p74m_LiNO3_0p27m_LiClO4_0p28m_Li2SO4_0p28m_LiAC_0p29m,3.7907437426589876,False,2.2890383,"[2.2651310000000002, 2.2889494, 2.2891272000000003]",1.2550135500000001,"[1.2427294, 1.2579134, 1.2521137]",-1.03402475,"[-1.0224016, -1.031036, -1.0370135]",2.5076926,"[2.4897798, 2.5075927, 2.5077925]",1.4193858499999998,"[1.4151016, 1.4222989, 1.4164728]",-1.08830675,"[-1.0746782, -1.0852938, -1.0913197]",True,2025-03-12 21:52:11,2.8752,Pt,"['C:\\AttomRobotFiles\\Data\\DB_Missaka\\eis\\TFSI_0p19m_FSI_2p74m_NO3_0p27m_ClO4_0p28m_SO4_0p28m_AC_0p29m_geis0.csv', 'C:\\AttomRobotFiles\\Data\\DB_Missaka\\eis\\TFSI_0p19m_FSI_2p74m_NO3_0p27m_ClO4_0p28m_SO4_0p28m_AC_0p29m_geis1.csv', 'C:\\AttomRobotFiles\\Data\\DB_Missaka\\eis\\TFSI_0p19m_FSI_2p74m_NO3_0p27m_ClO4_0p28m_SO4_0p28m_AC_0p29m_geis2.csv', 'C:\\AttomRobotFiles\\Data\\DB_Missaka\\cv\\TFSI_0p19m_FSI_2p74m_NO3_0p27m_ClO4_0p28m_SO4_0p28m_AC_0p29m_cv0.csv', 'C:\\AttomRobotFiles\\Data\\DB_Missaka\\cv\\TFSI_0p19m_FSI_2p74m_NO3_0p27m_ClO4_0p28m_SO4_0p28m_AC_0p29m_cv1.csv', 'C:\\AttomRobotFiles\\Data\\DB_Missaka\\cv\\TFSI_0p19m_FSI_2p74m_NO3_0p27m_ClO4_0p28m_SO4_0p28m_AC_0p29m_cv2.csv']",True,0.0001778000000003388,0.07502615734538226,"[0.07526585435103929, 0.07030508045539412, 0.07974723423537042]",2025-03-12 21:45:57,0.0094421537799763,,0.28,0.29,0.28,2.74,0.27,0.19
51132c3cedb64d50bc74959d19dcaa6a,LiTFSI_0p1m,4.927171677758303,False,2.3059574499999997,"[2.3288972, 2.3050338999999997, 2.3068809999999997]",1.23849835,"[1.2581302, 1.2350881, 1.2419086]",-1.0674591,"[-1.070767, -1.0699458, -1.0649724]",2.41656575,"[2.4535150999999997, 2.4156743, 2.4174572]",1.3098356,"[1.3304368, 1.3074436, 1.3122276]",-1.10673015,"[-1.1230783, -1.1082307, -1.1052296]",True,2025-06-18 18:01:36,23.5,Pt,"['C:\\AttomRobotFiles\\Data\\DB_Missaka\\eis\\TFSI_0p1m_GC_geis0.csv', 'C:\\AttomRobotFiles\\Data\\DB_Missaka\\eis\\TFSI_0p1m_GC_geis1.csv', 'C:\\AttomRobotFiles\\Data\\DB_Missaka\\eis\\TFSI_0p1m_GC_geis2.csv', 'C:\\AttomRobotFiles\\Data\\DB_Missaka\\eis\\TFSI_0p1m_geis0.csv', 'C:\\AttomRobotFiles\\Data\\DB_Missaka\\eis\\TFSI_0p1m_geis1.csv', 'C:\\AttomRobotFiles\\Data\\DB_Missaka\\eis\\TFSI_0p1m_geis2.csv', 'C:\\AttomRobotFiles\\Data\\DB_Missaka\\cv\\TFSI_0p1m_cv0.csv', 'C:\\AttomRobotFiles\\Data\\DB_Missaka\\cv\\TFSI_0p1m_cv1.csv', 'C:\\AttomRobotFiles\\Data\\DB_Missaka\\cv\\TFSI_0p1m_cv2.csv']",True,0.0018470999999999904,0.004474747852021933,"[0.005026726663610786, 0.003900523020210783, 0.005262407077850615, 0.004010507926849731, 0.00525081255162559, 0.0039494886835729475]",2025-06-18 17:55:33,,,,,,,,0.1
b599bafe9ecd4688a6c6c6d2fc07855f,LiTFSI_0p5m,4.655906207663252,False,2.31296915,"[2.3111224000000004, 2.3168402, 2.3090981]",1.250629,"[1.2441622, 1.2535087, 1.2477493]",-1.06234015,"[-1.0669602, -1.0633315, -1.0613488]",2.4405481,"[2.4334508, 2.4434541, 2.4376420999999997]",1.3339332,"[1.3242251, 1.3358392, 1.3320272]",-1.1066148999999998,"[-1.1092257, -1.1076149, -1.1056149]",True,2025-06-18 19:15:03,23.56,Pt,"['C:\\AttomRobotFiles\\Data\\DB_Missaka\\eis\\TFSI_0p5m_geis0.csv', 'C:\\AttomRobotFiles\\Data\\DB_Missaka\\eis\\TFSI_0p5m_geis1.csv', 'C:\\AttomRobotFiles\\Data\\DB_Missaka\\eis\\TFSI_0p5m_geis2.csv', 'C:\\AttomRobotFiles\\Data\\DB_Missaka\\cv\\TFSI_0p5m_cv0.csv', 'C:\\AttomRobotFiles\\Data\\DB_Missaka\\cv\\TFSI_0p5m_cv1.csv', 'C:\\AttomRobotFiles\\Data\\DB_Missaka\\cv\\TFSI_0p5m_cv2.csv']",True,-0.007742100000000196,0.01916959740587877,"[0.018868122624627667, 0.01927119832154281, 0.019067996490214737]",2025-06-18 19:08:59,-0.00020320183132807243,,,,,,,0.5
835d808f276340e1b237d3a06be8ae13,LiTFSI_0p91m_LiNO3_2p1m_Li2SO4_0p9m,3.996957980682206,False,2.3861958000000003,"[2.3671860000000002, 2.3751888, 2.3972028]",1.3499770500000001,"[1.3473915, 1.3435739, 1.3563802]",-1.03621875,"[-1.0197945, -1.0316149, -1.0408226]",2.5828523500000005,"[2.5598802000000003, 2.5758613, 2.5898434000000004]",1.4923702,"[1.4897894, 1.4899895, 1.4947509]",-1.0904821500000001,"[-1.0700908, -1.0858718, -1.0950925]",True,2025-03-10 19:28:44,2.8753,Pt,"['C:\\AttomRobotFiles\\Data\\DB_Missaka\\eis\\TFSI_0p91m_NO3_2p10m_SO4_0p90m_geis0.csv', 'C:\\AttomRobotFiles\\Data\\DB_Missaka\\eis\\TFSI_0p91m_NO3_2p10m_SO4_0p90m_geis1.csv', 'C:\\AttomRobotFiles\\Data\\DB_Missaka\\eis\\TFSI_0p91m_NO3_2p10m_SO4_0p90m_geis2.csv', 'C:\\AttomRobotFiles\\Data\\DB_Missaka\\cv\\TFSI_0p91m_NO3_2p10m_SO4_0p90m_cv0.csv', 'C:\\AttomRobotFiles\\Data\\DB_Missaka\\cv\\TFSI_0p91m_NO3_2p10m_SO4_0p90m_cv1.csv', 'C:\\AttomRobotFiles\\Data\\DB_Missaka\\cv\\TFSI_0p91m_NO3_2p10m_SO4_0p90m_cv2.csv']",True,0.022013999999999978,0.08979235786229106,"[0.0859629725995966, 0.08842556961891479, 0.09115914610566732]",2025-03-10 19:22:22,0.0027335764867525286,,0.9,,,,2.1,0.91
369de9b5525042049101ead967811a54,LiTFSI_10p28m_LiNO3_2m_LiAC_1p37m,1.9106885527997424,False,2.6373886,"[2.5192581, 2.6314253, 2.6433519]",1.5120279499999998,"[1.4396718, 1.5129673, 1.5110886]",-1.12536065,"[-1.0795863, -1.118458, -1.1322633]",2.97200735,"[2.9119881000000003, 2.9659696, 2.9780451]",1.7993762,"[1.7840604, 1.8012667, 1.7974857]",-1.17263115,"[-1.1279277, -1.1647029, -1.1805594]",True,2025-05-07 15:45:18,21.81,Pt,"['C:\\AttomRobotFiles\\Data\\DB_Missaka\\eis\\TFSI_10p28m_NO3_2m_AC_1p37m_geis0.csv', 'C:\\AttomRobotFiles\\Data\\DB_Missaka\\eis\\TFSI_10p28m_NO3_2m_AC_1p37m_geis1.csv', 'C:\\AttomRobotFiles\\Data\\DB_Missaka\\eis\\TFSI_10p28m_NO3_2m_AC_1p37m_geis2.csv', 'C:\\AttomRobotFiles\\Data\\DB_Missaka\\cv\\TFSI_10p28m_NO3_2m_AC_1p37m_cv0.csv', 'C:\\AttomRobotFiles\\Data\\DB_Missaka\\cv\\TFSI_10p28m_NO3_2m_AC_1p37m_cv1.csv', 'C:\\AttomRobotFiles\\Data\\DB_Missaka\\cv\\TFSI_10p28m_NO3_2m_AC_1p37m_cv2.csv']",True,0.011926599999999787,0.022641573654065508,"[0.023759254523391924, 0.022399503575785965, 0.02288364373234505]",2025-05-07 15:38:06,0.0004841401565590861,,,1.37,,,2.0,10.28
2a08c0e6534c4b64b4e114463ec1a053,LiTFSI_10p35m_LiNO3_1p43m_LiAC_7p62m,1.7802316156079823,False,2.6894185000000004,"[2.6212875, 2.6933714, 2.6854656]",1.4482825,"[1.4310409, 1.4456354, 1.4509296]",-1.241136,"[-1.1902466, -1.247736, -1.234536]",3.1331569999999997,"[3.0818348, 3.1381397, 3.1281743]",1.8587555,"[1.8532876, 1.8581514, 1.8593596]",-1.2744015000000002,"[-1.2285472, -1.2799883, -1.2688147]",True,2025-04-23 15:08:38,22.93,Pt,"['C:\\AttomRobotFiles\\Data\\DB_Missaka\\eis\\TFSI_10p35m_NO3_1p43m_AC_7p62m_geis0.csv', 'C:\\AttomRobotFiles\\Data\\DB_Missaka\\eis\\TFSI_10p35m_NO3_1p43m_AC_7p62m_geis1.csv', 'C:\\AttomRobotFiles\\Data\\DB_Missaka\\eis\\TFSI_10p35m_NO3_1p43m_AC_7p62m_geis2.csv', 'C:\\AttomRobotFiles\\Data\\DB_Missaka\\cv\\TFSI_10p35m_NO3_1p43m_AC_7p62m_cv0.csv', 'C:\\AttomRobotFiles\\Data\\DB_Missaka\\cv\\TFSI_10p35m_NO3_1p43m_AC_7p62m_cv1.csv', 'C:\\AttomRobotFiles\\Data\\DB_Missaka\\cv\\TFSI_10p35m_NO3_1p43m_AC_7p62m_cv2.csv']",True,-0.007905800000000074,0.007701615464972675,"[0.008046154971190883, 0.007650962273483632, 0.007752268656461719]",2025-04-23 15:01:03,0.00010130638297808654,,,7.62,,,1.43,10.35
73dca339ac854411ab1057dfe8edaa91,LiTFSI_10p45m_LiNO3_0p61m_LiAC_4p87m,1.8419258394608649,False,2.6373616,"[2.4551934, 2.6213303000000003, 2.6533929]",1.424432,"[1.2669216, 1.4266342, 1.4222298]",-1.2129296,"[-1.1882718, -1.1946961, -1.2311631]",3.1079895,"[3.0860651, 3.0918659, 3.1241130999999998]",1.8577957999999999,"[1.847491, 1.8568572, 1.8587344]",-1.2501937,"[-1.2385741, -1.2350087, -1.2653787]",True,2025-04-01 19:56:12,2.8753,Pt,"['C:\\AttomRobotFiles\\Data\\DB_Missaka\\eis\\TFSI_10p45m_NO3_0p61m_AC_4p87m_geis0.csv', 'C:\\AttomRobotFiles\\Data\\DB_Missaka\\eis\\TFSI_10p45m_NO3_0p61m_AC_4p87m_geis1.csv', 'C:\\AttomRobotFiles\\Data\\DB_Missaka\\eis\\TFSI_10p45m_NO3_0p61m_AC_4p87m_geis2.csv', 'C:\\AttomRobotFiles\\Data\\DB_Missaka\\cv\\TFSI_10p45m_NO3_0p61m_AC_4p87m_cv0.csv', 'C:\\AttomRobotFiles\\Data\\DB_Missaka\\cv\\TFSI_10p45m_NO3_0p61m_AC_4p87m_cv1.csv', 'C:\\AttomRobotFiles\\Data\\DB_Missaka\\cv\\TFSI_10p45m_NO3_0p61m_AC_4p87m_cv2.csv']",True,0.03206259999999972,0.012117545271249693,"[0.013440153929467423, 0.012138174767447397, 0.01209691577505199]",2025-04-01 19:48:40,-4.1258992395407784e-05,,,4.87,,,0.61,10.45
10039312dde54227b9d2c26f23249fd2,LiTFSI_10p46m_LiNO3_2p15m_LiAC_0p69m,1.9039565878431657,False,2.6402501,"[2.4832055, 2.6331729, 2.6473272999999997]",1.53044075,"[1.4086062, 1.526747, 1.5341345]",-1.10980935,"[-1.0745993, -1.1064259, -1.1131928]",2.9418106,"[2.8319124, 2.9378086999999997, 2.9458125]",1.7816821,"[1.7050102, 1.7810751, 1.7822891]",-1.1601285,"[-1.1269022, -1.1567336, -1.1635234]",True,2025-05-07 18:18:12,21.75,Pt,"['C:\\AttomRobotFiles\\Data\\DB_Missaka\\eis\\TFSI_10p46m_NO3_2p15m_AC_0p69m_geis0.csv', 'C:\\AttomRobotFiles\\Data\\DB_Missaka\\eis\\TFSI_10p46m_NO3_2p15m_AC_0p69m_geis1.csv', 'C:\\AttomRobotFiles\\Data\\DB_Missaka\\eis\\TFSI_10p46m_NO3_2p15m_AC_0p69m_geis2.csv', 'C:\\AttomRobotFiles\\Data\\DB_Missaka\\cv\\TFSI_10p46m_NO3_2p15m_AC_0p69m_cv0.csv', 'C:\\AttomRobotFiles\\Data\\DB_Missaka\\cv\\TFSI_10p46m_NO3_2p15m_AC_0p69m_cv1.csv', 'C:\\AttomRobotFiles\\Data\\DB_Missaka\\cv\\TFSI_10p46m_NO3_2p15m_AC_0p69m_cv2.csv']",True,0.01415439999999979,0.025436693088860714,"[0.03078604745340852, 0.026033630643154976, 0.024839755534566448]",2025-05-07 18:11:04,-0.0011938751085885276,,,0.69,,,2.15,10.46
cd98fc3742d6496d9dfb486bf611a4d0,LiTFSI_10p54m_LiNO3_1p36m_LiAC_1p33m,1.8963259365424858,False,2.6072395999999998,"[2.4612106999999996, 2.5991001999999996, 2.615379]",1.4876228,"[1.3792117, 1.4853135, 1.4899321]",-1.1196168,"[-1.081999, -1.1137867, -1.1254469]",2.9619025,"[2.8599061, 2.9537933, 2.9700117]",1.7959816499999999,"[1.7275996, 1.7936773, 1.798286]",-1.16592085,"[-1.1323065, -1.160116, -1.1717257]",True,2025-05-07 17:01:51,21.81,Pt,"['C:\\AttomRobotFiles\\Data\\DB_Missaka\\eis\\TFSI_10p54m_NO3_1p36m_AC_1p33m_geis0.csv', 'C:\\AttomRobotFiles\\Data\\DB_Missaka\\eis\\TFSI_10p54m_NO3_1p36m_AC_1p33m_geis1.csv', 'C:\\AttomRobotFiles\\Data\\DB_Missaka\\eis\\TFSI_10p54m_NO3_1p36m_AC_1p33m_geis2.csv', 'C:\\AttomRobotFiles\\Data\\DB_Missaka\\cv\\TFSI_10p54m_NO3_1p36m_AC_1p33m_cv0.csv', 'C:\\AttomRobotFiles\\Data\\DB_Missaka\\cv\\TFSI_10p54m_NO3_1p36m_AC_1p33m_cv1.csv', 'C:\\AttomRobotFiles\\Data\\DB_Missaka\\cv\\TFSI_10p54m_NO3_1p36m_AC_1p33m_cv2.csv']",True,0.01627880000000026,0.023272729067562378,"[0.02740063312977157, 0.02368710233630429, 0.02285835579882046]",2025-05-07 16:54:40,-0.00082874653748383,,,1.33,,,1.36,10.54
374203fc7a3d481986ef851962477847,LiTFSI_12p57m_LiAC_7p04m,1.6235226221482668,False,2.66317645,"[2.4409859000000003, 2.6551814, 2.6711715]",1.49844975,"[1.2805761, 1.4927608, 1.5041387]",-1.1647267000000001,"[-1.1604098, -1.1624206, -1.1670328]",3.10287095,"[3.0758704999999997, 3.0998871, 3.1058548]",1.90187065,"[1.8771609, 1.9011792, 1.9025621]",-1.2010003,"[-1.1987096, -1.1987079, -1.2032927]",True,2025-06-19 00:13:16,23.37,Pt,"['C:\\AttomRobotFiles\\Data\\DB_Missaka\\eis\\TFSI_12p57m_AC_7p04m_geis0.csv', 'C:\\AttomRobotFiles\\Data\\DB_Missaka\\eis\\TFSI_12p57m_AC_7p04m_geis1.csv', 'C:\\AttomRobotFiles\\Data\\DB_Missaka\\eis\\TFSI_12p57m_AC_7p04m_geis2.csv', 'C:\\AttomRobotFiles\\Data\\DB_Missaka\\cv\\TFSI_12p57m_AC_7p04m_cv0.csv', 'C:\\AttomRobotFiles\\Data\\DB_Missaka\\cv\\TFSI_12p57m_AC_7p04m_cv1.csv', 'C:\\AttomRobotFiles\\Data\\DB_Missaka\\cv\\TFSI_12p57m_AC_7p04m_cv2.csv']",True,0.015990099999999785,0.007005984775898988,"[0.00890746343623339, 0.007119219694923047, 0.00689274985687493]",2025-06-19 00:05:48,-0.000226469838048117,,,7.04,,,,12.57
3e2fc59e0d664fee977ea71f464dd51c,LiTFSI_16p87m_LiAC_4p18m,1.3792282812513388,False,2.57119465,"[2.5112435, 2.5612822, 2.5811070999999997]",1.4477491,"[1.4436307, 1.4500626, 1.4454356]",-1.12344555,"[-1.0676128, -1.1112196, -1.1356715]",2.9889293500000003,"[2.9257736000000003, 2.9800404, 2.9978183]",1.81817185,"[1.8018467, 1.8224846, 1.8138591]",-1.1707575000000001,"[-1.1239269, -1.1575558, -1.1839592]",True,2025-04-01 21:07:27,2.8751,Pt,"['C:\\AttomRobotFiles\\Data\\DB_Missaka\\eis\\TFSI_16p87m_AC_4p18m_geis0.csv', 'C:\\AttomRobotFiles\\Data\\DB_Missaka\\eis\\TFSI_16p87m_AC_4p18m_geis1.csv', 'C:\\AttomRobotFiles\\Data\\DB_Missaka\\eis\\TFSI_16p87m_AC_4p18m_geis2.csv', 'C:\\AttomRobotFiles\\Data\\DB_Missaka\\cv\\TFSI_16p87m_AC_4p18m_cv0.csv', 'C:\\AttomRobotFiles\\Data\\DB_Missaka\\cv\\TFSI_16p87m_AC_4p18m_cv1.csv', 'C:\\AttomRobotFiles\\Data\\DB_Missaka\\cv\\TFSI_16p87m_AC_4p18m_cv2.csv']",True,0.0198248999999997,0.03660491429054745,"[0.03992527790919688, 0.035732402985687986, 0.037477425595406906]",2025-04-01 21:00:11,0.00174502260971892,,,4.18,,,,16.87
b9ebbd9f59014294bc628c15eae5aa50,LiTFSI_1m,4.356123216193984,False,2.3221088500000002,"[2.319135, 2.3251105, 2.3191072000000004]",1.2553616,"[1.248985, 1.2571741, 1.2535491]",-1.0667472500000001,"[-1.07015, -1.0679364, -1.0655581]",2.4516750000000003,"[2.4456813000000004, 2.4516888000000003, 2.4516612]",1.3416391,"[1.3332622, 1.3414439, 1.3418343]",-1.1100359000000002,"[-1.1124191, -1.1102449, -1.1098269]",True,2025-06-18 20:28:31,23.43,Pt,"['C:\\AttomRobotFiles\\Data\\DB_Missaka\\eis\\TFSI_1p0m_geis0.csv', 'C:\\AttomRobotFiles\\Data\\DB_Missaka\\eis\\TFSI_1p0m_geis1.csv', 'C:\\AttomRobotFiles\\Data\\DB_Missaka\\eis\\TFSI_1p0m_geis2.csv', 'C:\\AttomRobotFiles\\Data\\DB_Missaka\\cv\\TFSI_1p0m_cv0.csv', 'C:\\AttomRobotFiles\\Data\\DB_Missaka\\cv\\TFSI_1p0m_cv1.csv', 'C:\\AttomRobotFiles\\Data\\DB_Missaka\\cv\\TFSI_1p0m_cv2.csv']",True,-0.006003299999999712,0.030233711175427037,"[0.029211021074005198, 0.029793376627137776, 0.030674045723716303]",2025-06-18 20:22:25,0.000880669096578527,,,,,,,1.0
38ad051449214d9aadf6346cf35ab933,LiTFSI_1p57m_LiFSI_6p47m_LiAC_1p02m,2.718332508235881,False,2.19303193,"[2.2568776, 2.3171024, 2.0689614599999997]",1.2410435,"[1.1774865, 1.2395204, 1.2425666]",-0.95198843,"[-1.0793911, -1.077582, -0.82639486]",2.696818,"[2.4455371, 2.687698, 2.7059379999999997]",1.5465377999999999,"[1.3098592, 1.5400184, 1.5530572]",-1.1502802,"[-1.1356779, -1.1476796, -1.1528808]",True,2025-04-16 17:24:15,2.8752,Pt,"['C:\\AttomRobotFiles\\Data\\DB_Missaka\\eis\\TFSI_1p57m_FSI_6p47m_AC_1p02m_geis0.csv', 'C:\\AttomRobotFiles\\Data\\DB_Missaka\\eis\\TFSI_1p57m_FSI_6p47m_AC_1p02m_geis1.csv', 'C:\\AttomRobotFiles\\Data\\DB_Missaka\\eis\\TFSI_1p57m_FSI_6p47m_AC_1p02m_geis2.csv', 'C:\\AttomRobotFiles\\Data\\DB_Missaka\\cv\\TFSI_1p57m_FSI_6p47m_AC_1p02m_cv0.csv', 'C:\\AttomRobotFiles\\Data\\DB_Missaka\\cv\\TFSI_1p57m_FSI_6p47m_AC_1p02m_cv1.csv', 'C:\\AttomRobotFiles\\Data\\DB_Missaka\\cv\\TFSI_1p57m_FSI_6p47m_AC_1p02m_cv2.csv']",True,-0.2481409400000003,0.0624411210881885,"[0.07213533846300742, 0.061442873875459394, 0.0634393683009176]",2025-04-16 17:17:31,0.0019964944254582118,,,1.02,,6.47,,1.57
d3cac5ae45f14dbeb78f221b264060e4,LiTFSI_1p61m_LiFSI_2p91m_LiClO4_0p1m_Li2SO4_0p064m,3.321560458701158,False,2.46012655,"[2.4912251000000003, 2.4630105, 2.4572426]",1.3957047500000002,"[1.4408939, 1.4024109, 1.3889986]",-1.0644217999999999,"[-1.0503312, -1.0605996, -1.068244]",2.6147882,"[2.6418127, 2.6176453, 2.6119311]",1.50006595,"[1.5432255, 1.5067627, 1.4933692]",-1.11472225,"[-1.0985872, -1.1108826, -1.1185619]",True,2025-03-19 17:37:55,2.8744,Pt,"['C:\\AttomRobotFiles\\Data\\DB_Missaka\\eis\\TFSI_1p61m_FSI_2p91m_ClO4_0p10m_SO4_0p064m_geis0.csv', 'C:\\AttomRobotFiles\\Data\\DB_Missaka\\eis\\TFSI_1p61m_FSI_2p91m_ClO4_0p10m_SO4_0p064m_geis1.csv', 'C:\\AttomRobotFiles\\Data\\DB_Missaka\\eis\\TFSI_1p61m_FSI_2p91m_ClO4_0p10m_SO4_0p064m_geis2.csv', 'C:\\AttomRobotFiles\\Data\\DB_Missaka\\cv\\TFSI_1p61m_FSI_2p91m_ClO4_0p10m_SO4_0p064m_cv0.csv', 'C:\\AttomRobotFiles\\Data\\DB_Missaka\\cv\\TFSI_1p61m_FSI_2p91m_ClO4_0p10m_SO4_0p064m_cv1.csv', 'C:\\AttomRobotFiles\\Data\\DB_Missaka\\cv\\TFSI_1p61m_FSI_2p91m_ClO4_0p10m_SO4_0p064m_cv2.csv']",True,-0.005767900000000381,0.07466580817279156,"[0.07324480620339338, 0.07105427008354423, 0.07827734626203887]",2025-03-19 17:31:35,0.0072230761784946446,,0.064,,0.1,2.91,,1.61
65aa2b77f497446e8204f215d11dbb3f,LiTFSI_1p7m_LiFSI_2p96m_Li2SO4_0p06m_LiAC_0p15m,3.2827615533728878,False,2.30810245,"[2.3171575, 2.3090986, 2.3071063]",1.23344615,"[1.2512985, 1.2372544, 1.2296379]",-1.0746563,"[-1.065859, -1.0718442, -1.0774684]",2.5338454500000003,"[2.541844, 2.5318443, 2.5358466]",1.4038789500000002,"[1.4216697, 1.4056758, 1.4020821]",-1.1299665,"[-1.1201743, -1.1261685, -1.1337645]",True,2025-03-19 18:46:43,2.875,Pt,"['C:\\AttomRobotFiles\\Data\\DB_Missaka\\eis\\TFSI_1p70m_FSI_2p96m_SO4_0p06m_AC_0p15m_geis0.csv', 'C:\\AttomRobotFiles\\Data\\DB_Missaka\\eis\\TFSI_1p70m_FSI_2p96m_SO4_0p06m_AC_0p15m_geis1.csv', 'C:\\AttomRobotFiles\\Data\\DB_Missaka\\eis\\TFSI_1p70m_FSI_2p96m_SO4_0p06m_AC_0p15m_geis2.csv', 'C:\\AttomRobotFiles\\Data\\DB_Missaka\\cv\\TFSI_1p70m_FSI_2p96m_SO4_0p06m_AC_0p15m_cv0.csv', 'C:\\AttomRobotFiles\\Data\\DB_Missaka\\cv\\TFSI_1p70m_FSI_2p96m_SO4_0p06m_AC_0p15m_cv1.csv', 'C:\\AttomRobotFiles\\Data\\DB_Missaka\\cv\\TFSI_1p70m_FSI_2p96m_SO4_0p06m_AC_0p15m_cv2.csv']",True,-0.001992299999999947,0.0722988285420949,"[0.07043630851747172, 0.0685997462058254, 0.07599791087836442]",2025-03-19 18:40:21,0.007398164672539023,,0.06,0.15,,2.96,,1.7
df9d2787d2f14e7e872264b26648eef9,LiTFSI_1p86m_LiNO3_2p14m,3.7511007545545065,False,2.42423985,"[2.4252553, 2.3972305, 2.4512492]",1.3792325,"[1.3926352, 1.3594377, 1.3990273]",-1.0450073500000001,"[-1.0326201, -1.0377928, -1.0522219]",2.61790035,"[2.6078804, 2.6019009, 2.6338998]",1.52057835,"[1.526988, 1.5097817, 1.531375]",-1.0973220000000001,"[-1.0808924, -1.0921192, -1.1025248]",True,2025-03-10 18:19:57,2.8753,Pt,"['C:\\AttomRobotFiles\\Data\\DB_Missaka\\eis\\TFSI_1p86m_NO3_2p14m_SO4_0p46m _geis0.csv', 'C:\\AttomRobotFiles\\Data\\DB_Missaka\\eis\\TFSI_1p86m_NO3_2p14m_SO4_0p46m _geis1.csv', 'C:\\AttomRobotFiles\\Data\\DB_Missaka\\eis\\TFSI_1p86m_NO3_2p14m_SO4_0p46m _geis2.csv', 'C:\\AttomRobotFiles\\Data\\DB_Missaka\\cv\\TFSI_1p86m_NO3_2p14m_SO4_0p46m _cv0.csv', 'C:\\AttomRobotFiles\\Data\\DB_Missaka\\cv\\TFSI_1p86m_NO3_2p14m_SO4_0p46m _cv1.csv', 'C:\\AttomRobotFiles\\Data\\DB_Missaka\\cv\\TFSI_1p86m_NO3_2p14m_SO4_0p46m _cv2.csv']",True,0.054018699999999864,0.07477716337465405,"[0.06663639072374525, 0.07781376113557217, 0.07174056561373593]",2025-03-10 18:13:31,-0.006073195521836244,,,,,,2.14,1.86
1113b529c53049e185e3bd0628907940,LiTFSI_2p44m_LiNO3_1p17m_LiClO4_0p24m_Li2SO4_0p26m,3.5207110059056523,False,2.4622602000000002,"[2.4752498, 2.4632698, 2.4612506]",1.3874138500000002,"[1.4218258, 1.3938272, 1.3810005]",-1.07484635,"[-1.053424, -1.0694426, -1.0802501]",2.63992915,"[2.6379057, 2.6379409999999996, 2.6419173000000002]",1.5117690000000001,"[1.5341865, 1.516187, 1.507351]",-1.1281601499999998,"[-1.1037192, -1.121754, -1.1345663]",True,2025-03-12 18:25:52,2.8751,Pt,"['C:\\AttomRobotFiles\\Data\\DB_Missaka\\eis\\TFSI_2p44m_NO3_1p17m_ClO4_0p24m_SO4_0p26m_geis0.csv', 'C:\\AttomRobotFiles\\Data\\DB_Missaka\\eis\\TFSI_2p44m_NO3_1p17m_ClO4_0p24m_SO4_0p26m_geis1.csv', 'C:\\AttomRobotFiles\\Data\\DB_Missaka\\eis\\TFSI_2p44m_NO3_1p17m_ClO4_0p24m_SO4_0p26m_geis2.csv', 'C:\\AttomRobotFiles\\Data\\DB_Missaka\\cv\\TFSI_2p44m_NO3_1p17m_ClO4_0p24m_SO4_0p26m_cv0.csv', 'C:\\AttomRobotFiles\\Data\\DB_Missaka\\cv\\TFSI_2p44m_NO3_1p17m_ClO4_0p24m_SO4_0p26m_cv1.csv', 'C:\\AttomRobotFiles\\Data\\DB_Missaka\\cv\\TFSI_2p44m_NO3_1p17m_ClO4_0p24m_SO4_0p26m_cv2.csv']",True,-0.0020191999999998878,0.06500765743360523,"[0.06004326263795912, 0.06807948626795246, 0.06193582859925799]",2025-03-12 18:19:23,-0.006143657668694472,,0.26,,0.24,,1.17,2.44
9574269ea4644dbeaf4e096882e96ed6,LiTFSI_2p45m_LiNO3_1p34m_LiClO4_0p34m_Li2SO4_0p33m_LiAC_1p35m,3.383351584437991,False,2.2700870500000003,"[2.2290785, 2.2811130000000004, 2.2590611000000003]",1.2146565,"[1.1846647, 1.2284744, 1.2008386]",-1.05543055,"[-1.0444138, -1.0526386, -1.0582225]",2.5357960000000004,"[2.5137964999999998, 2.5377967000000003, 2.5337953]",1.4280873,"[1.4170958, 1.4328814, 1.4232932]",-1.1077086999999999,"[-1.0967007, -1.1049153, -1.1105021]",True,2025-03-12 20:43:46,2.8751,Pt,"['C:\\AttomRobotFiles\\Data\\DB_Missaka\\eis\\TFSI_2p45m_NO3_1p34m_ClO4_0p34m_SO4_0p33m_AC_1p35m_geis0.csv', 'C:\\AttomRobotFiles\\Data\\DB_Missaka\\eis\\TFSI_2p45m_NO3_1p34m_ClO4_0p34m_SO4_0p33m_AC_1p35m_geis1.csv', 'C:\\AttomRobotFiles\\Data\\DB_Missaka\\eis\\TFSI_2p45m_NO3_1p34m_ClO4_0p34m_SO4_0p33m_AC_1p35m_geis2.csv', 'C:\\AttomRobotFiles\\Data\\DB_Missaka\\cv\\TFSI_2p45m_NO3_1p34m_ClO4_0p34m_SO4_0p33m_AC_1p35m_cv0.csv', 'C:\\AttomRobotFiles\\Data\\DB_Missaka\\cv\\TFSI_2p45m_NO3_1p34m_ClO4_0p34m_SO4_0p33m_AC_1p35m_cv1.csv', 'C:\\AttomRobotFiles\\Data\\DB_Missaka\\cv\\TFSI_2p45m_NO3_1p34m_ClO4_0p34m_SO4_0p33m_AC_1p35m_cv2.csv']",True,-0.022051900000000124,0.05419026272822894,"[0.05765613520843545, 0.054442652508256285, 0.053937872948201585]",2025-03-12 20:37:22,-0.0005047795600547009,,0.33,1.35,0.34,,1.34,2.45
f199a5a13e664262b547fe2b677a0204,LiTFSI_2p47m_LiNO3_0p98m_LiClO4_0p24m_Li2SO4_0p23m_LiAC_0p26m,3.5071546787906485,False,2.2870968,"[2.2971288999999997, 2.2710955999999998, 2.3030980000000003]",1.22477305,"[1.2326925, 1.209859, 1.2396871]",-1.06232375,"[-1.0644364, -1.0612366, -1.0634109]",2.5418412,"[2.5598617, 2.5358438999999997, 2.5478385]",1.42518135,"[1.4431055, 1.4202679, 1.4300948]",-1.11665985,"[-1.1167562, -1.115576, -1.1177437]",True,2025-03-12 19:34:47,2.8748999,Pt,"['C:\\AttomRobotFiles\\Data\\DB_Missaka\\eis\\TFSI_2p47m_NO3_0p98m_ClO4_0p24m_SO4_0p23m_AC_0p26m_geis0.csv', 'C:\\AttomRobotFiles\\Data\\DB_Missaka\\eis\\TFSI_2p47m_NO3_0p98m_ClO4_0p24m_SO4_0p23m_AC_0p26m_geis1.csv', 'C:\\AttomRobotFiles\\Data\\DB_Missaka\\eis\\TFSI_2p47m_NO3_0p98m_ClO4_0p24m_SO4_0p23m_AC_0p26m_geis2.csv', 'C:\\AttomRobotFiles\\Data\\DB_Missaka\\cv\\TFSI_2p47m_NO3_0p98m_ClO4_0p24m_SO4_0p23m_AC_0p26m_cv0.csv', 'C:\\AttomRobotFiles\\Data\\DB_Missaka\\cv\\TFSI_2p47m_NO3_0p98m_ClO4_0p24m_SO4_0p23m_AC_0p26m_cv1.csv', 'C:\\AttomRobotFiles\\Data\\DB_Missaka\\cv\\TFSI_2p47m_NO3_0p98m_ClO4_0p24m_SO4_0p23m_AC_0p26m_cv2.csv']",True,0.03200240000000054,0.059326890064330756,"[0.0653990439412146, 0.05988262986857666, 0.05877115026008485]",2025-03-12 19:28:23,-0.001111479608491811,,0.23,0.26,0.24,,0.98,2.47
677acf5a9812476699fd66079fee43f4,LiTFSI_2p51m_LiNO3_3p77m_LiClO4_0p18m_Li2SO4_0p09m_LiAC_0p3m,3.340995853759414,False,2.4101782500000004,"[2.3711712, 2.4092111000000003, 2.4111454]",1.34536925,"[1.326545, 1.3479981, 1.3427404]",-1.064809,"[-1.0446262, -1.061213, -1.068405]",2.6678451,"[2.6438682, 2.6659547999999997, 2.6697354]",1.54870585,"[1.5429778, 1.5504087, 1.547003]",-1.11913925,"[-1.1008904, -1.1155461, -1.1227324]",True,2025-03-13 18:15:48,2.8753,Pt,"['C:\\AttomRobotFiles\\Data\\DB_Missaka\\eis\\TFSI_2p51m_NO3_3p77m_ClO4_0p18m_SO4_0p09m_AC_0p30m_geis0.csv', 'C:\\AttomRobotFiles\\Data\\DB_Missaka\\eis\\TFSI_2p51m_NO3_3p77m_ClO4_0p18m_SO4_0p09m_AC_0p30m_geis1.csv', 'C:\\AttomRobotFiles\\Data\\DB_Missaka\\eis\\TFSI_2p51m_NO3_3p77m_ClO4_0p18m_SO4_0p09m_AC_0p30m_geis2.csv', 'C:\\AttomRobotFiles\\Data\\DB_Missaka\\cv\\TFSI_2p51m_NO3_3p77m_ClO4_0p18m_SO4_0p09m_AC_0p30m_cv0.csv', 'C:\\AttomRobotFiles\\Data\\DB_Missaka\\cv\\TFSI_2p51m_NO3_3p77m_ClO4_0p18m_SO4_0p09m_AC_0p30m_cv1.csv', 'C:\\AttomRobotFiles\\Data\\DB_Missaka\\cv\\TFSI_2p51m_NO3_3p77m_ClO4_0p18m_SO4_0p09m_AC_0p30m_cv2.csv']",True,0.0019342999999998334,0.06961011202010557,"[0.07676818650166133, 0.06204160442023238, 0.07717861961997877]",2025-03-13 18:09:11,0.01513701519974639,,0.09,0.3,0.18,,3.77,2.51
46da65e89c2b41ea9f130945b47d3588,LiTFSI_2p74m_LiNO3_2p59m_LiClO4_0p15m_Li2SO4_0p07m,3.36367752671487,False,2.52731455,"[2.4852674, 2.5273323999999997, 2.5272967]",1.47047355,"[1.4470221, 1.4754838, 1.4654633]",-1.056841,"[-1.0382453, -1.0518486, -1.0618334]",2.7038642,"[2.6679725999999997, 2.7019447999999997, 2.7057836]",1.5938162999999999,"[1.5774285, 1.5978128, 1.5898198]",-1.1100479,"[-1.0905441, -1.104132, -1.1159638]",True,2025-03-13 17:06:17,2.8752,Pt,"['C:\\AttomRobotFiles\\Data\\DB_Missaka\\eis\\TFSI_2p74m_NO3_2p59m_ClO4_0p15m_SO4_0p07m_geis0.csv', 'C:\\AttomRobotFiles\\Data\\DB_Missaka\\eis\\TFSI_2p74m_NO3_2p59m_ClO4_0p15m_SO4_0p07m_geis1.csv', 'C:\\AttomRobotFiles\\Data\\DB_Missaka\\eis\\TFSI_2p74m_NO3_2p59m_ClO4_0p15m_SO4_0p07m_geis2.csv', 'C:\\AttomRobotFiles\\Data\\DB_Missaka\\cv\\TFSI_2p74m_NO3_2p59m_ClO4_0p15m_SO4_0p07m_cv0.csv', 'C:\\AttomRobotFiles\\Data\\DB_Missaka\\cv\\TFSI_2p74m_NO3_2p59m_ClO4_0p15m_SO4_0p07m_cv1.csv', 'C:\\AttomRobotFiles\\Data\\DB_Missaka\\cv\\TFSI_2p74m_NO3_2p59m_ClO4_0p15m_SO4_0p07m_cv2.csv']",True,-3.569999999974982e-05,0.07484141590110502,"[0.07951397631403075, 0.06791044555277444, 0.08177238624943559]",2025-03-13 16:59:42,0.013861940696661149,,0.07,,0.15,,2.59,2.74
e23ca6c37d2b46ce8013bf01a5aa2015,LiTFSI_4p7m_LiFSI_8p47m_LiClO4_0p27m,2.0328510688558397,False,2.6503750999999998,"[2.6013777, 2.6433666999999996, 2.6573835]",1.54680405,"[1.5092956, 1.5479089, 1.5456992]",-1.10357105,"[-1.0920821, -1.0954578, -1.1116843]",2.83884665,"[2.7938958, 2.8319603, 2.845733]",1.6829729,"[1.6475182, 1.684173, 1.6817728]",-1.15587375,"[-1.1463776, -1.1477873, -1.1639602]",True,2025-03-20 11:20:09,2.8748999,Pt,"['C:\\AttomRobotFiles\\Data\\DB_Missaka\\eis\\TFSI_4p70m_FSI_8p47m_ClO4_0p27m_geis0.csv', 'C:\\AttomRobotFiles\\Data\\DB_Missaka\\eis\\TFSI_4p70m_FSI_8p47m_ClO4_0p27m_geis1.csv', 'C:\\AttomRobotFiles\\Data\\DB_Missaka\\eis\\TFSI_4p70m_FSI_8p47m_ClO4_0p27m_geis2.csv', 'C:\\AttomRobotFiles\\Data\\DB_Missaka\\cv\\TFSI_4p70m_FSI_8p47m_ClO4_0p27m_cv0.csv', 'C:\\AttomRobotFiles\\Data\\DB_Missaka\\cv\\TFSI_4p70m_FSI_8p47m_ClO4_0p27m_cv1.csv', 'C:\\AttomRobotFiles\\Data\\DB_Missaka\\cv\\TFSI_4p70m_FSI_8p47m_ClO4_0p27m_cv2.csv']",True,0.014016800000000273,0.042586877026350244,"[0.0548516966602304, 0.04039056837990322, 0.044783185672797265]",2025-03-20 11:13:23,0.004392617292894044,,,,0.27,8.47,,4.7
abf8fa876e02430c995046cfade6fc9e,LiTFSI_4p78m_LiFSI_3p67m_LiAC_3p27m,2.341053939897796,False,2.3361237,"[2.2350019000000003, 2.3231412000000002, 2.3491062]",1.2147081,"[1.1342311, 1.2045237, 1.2248925]",-1.1214156000000002,"[-1.1007708, -1.1186175, -1.1242137]",2.8029647499999997,"[2.4695413999999998, 2.7879832999999996, 2.8179461999999997]",1.62427415,"[1.3106465, 1.6090889, 1.6394594]",-1.1786906,"[-1.1588949, -1.1788944, -1.1784868]",True,2025-04-16 16:10:46,2.8751,Pt,"['C:\\AttomRobotFiles\\Data\\DB_Missaka\\eis\\TFSI_4p78m_FSI_3p67m_AC_3p27m_geis0.csv', 'C:\\AttomRobotFiles\\Data\\DB_Missaka\\eis\\TFSI_4p78m_FSI_3p67m_AC_3p27m_geis1.csv', 'C:\\AttomRobotFiles\\Data\\DB_Missaka\\eis\\TFSI_4p78m_FSI_3p67m_AC_3p27m_geis2.csv', 'C:\\AttomRobotFiles\\Data\\DB_Missaka\\cv\\TFSI_4p78m_FSI_3p67m_AC_3p27m_cv0.csv', 'C:\\AttomRobotFiles\\Data\\DB_Missaka\\cv\\TFSI_4p78m_FSI_3p67m_AC_3p27m_cv1.csv', 'C:\\AttomRobotFiles\\Data\\DB_Missaka\\cv\\TFSI_4p78m_FSI_3p67m_AC_3p27m_cv2.csv']",True,0.025964999999999794,0.030556548823580092,"[0.04647962403912707, 0.030561082705273176, 0.030552014941887008]",2025-04-16 16:03:48,-9.06776338616827e-06,,,3.27,,3.67,,4.78
e2a079640ff349ffb6215d059a77fd8a,LiTFSI_6p4m_LiNO3_3p1m_LiAC_2p9m,2.3569650643361753,False,2.4551068000000003,"[2.3469179000000002, 2.4592282, 2.4509854]",1.31305575,"[1.2523154, 1.319778, 1.3063335]",-1.14205105,"[-1.0946025, -1.1394502, -1.1446519]",2.9288402,"[2.8737193999999997, 2.927937, 2.9297434]",1.7395076999999999,"[1.7188051, 1.7422138, 1.7368016]",-1.1893325,"[-1.1549143, -1.1857232, -1.1929418]",True,2025-04-01 17:34:21,2.8752,Pt,"['C:\\AttomRobotFiles\\Data\\DB_Missaka\\eis\\TFSI_6p40m_NO3_3p10m_AC_2p90m_geis0.csv', 'C:\\AttomRobotFiles\\Data\\DB_Missaka\\eis\\TFSI_6p40m_NO3_3p10m_AC_2p90m_geis1.csv', 'C:\\AttomRobotFiles\\Data\\DB_Missaka\\eis\\TFSI_6p40m_NO3_3p10m_AC_2p90m_geis2.csv', 'C:\\AttomRobotFiles\\Data\\DB_Missaka\\cv\\TFSI_6p40m_NO3_3p10m_AC_2p90m_cv0.csv', 'C:\\AttomRobotFiles\\Data\\DB_Missaka\\cv\\TFSI_6p40m_NO3_3p10m_AC_2p90m_cv1.csv', 'C:\\AttomRobotFiles\\Data\\DB_Missaka\\cv\\TFSI_6p40m_NO3_3p10m_AC_2p90m_cv2.csv']",True,-0.008242800000000106,0.025619520289249,"[0.025066377467472357, 0.025093532989266264, 0.02614550758923173]",2025-04-01 17:27:11,0.0010519745999654669,,,2.9,,,3.1,6.4
b5764c37e82b4ff68c09e10789887bde,LiTFSI_7p98m_LiFSI_14p62m_LiNO3_0p69m,1.4294206418628024,False,2.9353973,"[2.8892484, 2.9374908, 2.9333038]",1.8258893999999999,"[1.8220044, 1.8354039, 1.8163749]",-1.1095079,"[-1.067244, -1.1020869, -1.1169289]",3.0640052,"[3.053974, 3.0701150999999998, 3.0578953]",1.9042298,"[1.9364036, 1.9157329, 1.8927267]",-1.1597754,"[-1.1175704, -1.1543822, -1.1651686]",True,2025-03-19 19:57:58,2.8746,Pt,"['C:\\AttomRobotFiles\\Data\\DB_Missaka\\eis\\TFSI_7p98m_FSI_14p62m_NO3_0p69m_geis0.csv', 'C:\\AttomRobotFiles\\Data\\DB_Missaka\\eis\\TFSI_7p98m_FSI_14p62m_NO3_0p69m_geis1.csv', 'C:\\AttomRobotFiles\\Data\\DB_Missaka\\eis\\TFSI_7p98m_FSI_14p62m_NO3_0p69m_geis2.csv', 'C:\\AttomRobotFiles\\Data\\DB_Missaka\\cv\\TFSI_7p98m_FSI_14p62m_NO3_0p69m_cv0.csv', 'C:\\AttomRobotFiles\\Data\\DB_Missaka\\cv\\TFSI_7p98m_FSI_14p62m_NO3_0p69m_cv1.csv', 'C:\\AttomRobotFiles\\Data\\DB_Missaka\\cv\\TFSI_7p98m_FSI_14p62m_NO3_0p69m_cv2.csv']",True,-0.004186999999999941,0.016839100805495524,"[0.01843822922819023, 0.016797337408758602, 0.016880864202232445]",2025-03-19 19:50:44,8.352679347384262e-05,,,,,14.62,0.69,7.98
81b30dff76b446d19ca15b6afe3c7f6c,LiTFSI_8p36m_LiNO3_2p03m_LiAC_0p71m,2.161613554019015,False,2.5292581499999995,"[2.3851306, 2.5232666, 2.5352496999999996]",1.4236222,"[1.2927175, 1.4204245, 1.4268199]",-1.10563595,"[-1.0924131, -1.1028421, -1.1084298]",2.8588319,"[2.7878534999999998, 2.8557221000000004, 2.8619417]",1.7038905500000001,"[1.6431377, 1.7025938, 1.7051873]",-1.15494135,"[-1.1447158, -1.1531283, -1.1567544]",True,2025-05-23 16:53:15,23.37,Pt,"['C:\\AttomRobotFiles\\Data\\DB_Missaka\\eis\\TFSI_8p36m_NO3_2p03m_AC_0p71m_geis0.csv', 'C:\\AttomRobotFiles\\Data\\DB_Missaka\\eis\\TFSI_8p36m_NO3_2p03m_AC_0p71m_geis1.csv', 'C:\\AttomRobotFiles\\Data\\DB_Missaka\\eis\\TFSI_8p36m_NO3_2p03m_AC_0p71m_geis2.csv', 'C:\\AttomRobotFiles\\Data\\DB_Missaka\\cv\\TFSI_8p36m_NO3_2p03m_AC_0p71m_cv0.csv', 'C:\\AttomRobotFiles\\Data\\DB_Missaka\\cv\\TFSI_8p36m_NO3_2p03m_AC_0p71m_cv1.csv', 'C:\\AttomRobotFiles\\Data\\DB_Missaka\\cv\\TFSI_8p36m_NO3_2p03m_AC_0p71m_cv2.csv']",True,0.011983099999999691,0.033050231620351075,"[0.036713237077352134, 0.03332253679312822, 0.032777926447573935]",2025-05-23 16:46:13,-0.0005446103455542875,,,0.71,,,2.03,8.36
184559e176ec46dd922386f165f50369,LiFSI_20p9m_LiNO3_1p13m_LiAC_1p82m,1.6972514305664261,False,2.9395084999999996,"[2.8131979, 2.9234964, 2.9555206]",1.8392274,"[1.7591696, 1.8446379, 1.8338169]",-1.1002811000000001,"[-1.0540283, -1.0788585, -1.1217037]",3.0921241999999998,"[3.0398643, 3.0721149, 3.1121334999999997]",1.95056155,"[1.939556, 1.9529573, 1.9481658]",-1.14156265,"[-1.1003083, -1.1191576, -1.1639677]",True,2025-03-07 18:28:58,2.8751,Pt,"['C:\\AttomRobotFiles\\Data\\DB_Missaka\\cv\\FSI_20p9m_NO3_1p13m_AC_1p82m_cv0.csv', 'C:\\AttomRobotFiles\\Data\\DB_Missaka\\cv\\FSI_20p9m_NO3_1p13m_AC_1p82m_cv1.csv', 'C:\\AttomRobotFiles\\Data\\DB_Missaka\\cv\\FSI_20p9m_NO3_1p13m_AC_1p82m_cv2.csv', 'C:\\AttomRobotFiles\\Data\\DB_Missaka\\eis\\FSI_20p9m_NO3_1p13m_AC_1p82m_geis0.csv', 'C:\\AttomRobotFiles\\Data\\DB_Missaka\\eis\\FSI_20p9m_NO3_1p13m_AC_1p82m_geis1.csv', 'C:\\AttomRobotFiles\\Data\\DB_Missaka\\eis\\FSI_20p9m_NO3_1p13m_AC_1p82m_geis2.csv']",True,0.03202419999999995,0.024322737384579407,"[0.02787079036739323, 0.024193102019770017, 0.0244523727493888]",2025-03-07 18:21:36,0.0002592707296187845,,,1.82,,20.9,1.13,
7632b1514cce438285a60ba3350b7108,LiFSI_6p25m_LiNO3_0p43m_LiAC_4p99m,2.899467284636328,False,2.2500052999999998,"[2.2490810000000003, 2.2529143, 2.2470963]",1.1893635,"[1.2068889, 1.1958818, 1.1828452]",-1.0606418,"[-1.0421921, -1.0570325, -1.0642511]",2.7796923000000002,"[2.7518347, 2.7777085, 2.7816761000000003]",1.65375005,"[1.6433522, 1.6563662, 1.6511339]",-1.12594225,"[-1.1084825, -1.1213423, -1.1305422]",True,2025-03-07 16:07:53,2.875,Pt,"['C:\\AttomRobotFiles\\Data\\DB_Missaka\\cv\\FSI_6p25m_NO3_0p43m_AC_4p99m_cv0.csv', 'C:\\AttomRobotFiles\\Data\\DB_Missaka\\cv\\FSI_6p25m_NO3_0p43m_AC_4p99m_cv1.csv', 'C:\\AttomRobotFiles\\Data\\DB_Missaka\\cv\\FSI_6p25m_NO3_0p43m_AC_4p99m_cv2.csv', 'C:\\AttomRobotFiles\\Data\\DB_Missaka\\eis\\FSI_6p25m_NO3_0p43m_AC_4p99m_geis0.csv', 'C:\\AttomRobotFiles\\Data\\DB_Missaka\\eis\\FSI_6p25m_NO3_0p43m_AC_4p99m_geis1.csv', 'C:\\AttomRobotFiles\\Data\\DB_Missaka\\eis\\FSI_6p25m_NO3_0p43m_AC_4p99m_geis2.csv']",True,-0.005818000000000101,0.035257090459674185,"[0.034228922347663775, 0.035984711814495605, 0.034529469104852765]",2025-03-07 16:00:58,-0.00145524270964284,,,4.99,,6.25,0.43,
b8245aa795e14d83aeb0368a951e5bed,LiNO3_2p94m_LiClO4_3p57m_LiAC_0p98m,3.9424182384733006,False,2.2951226,"[2.287167, 2.293146, 2.2970992]",1.24189595,"[1.2719477, 1.2467173, 1.2370746]",-1.05322665,"[-1.0152193, -1.0464287, -1.0600246]",2.6498853999999996,"[2.6098679000000002, 2.6458877, 2.6538831]",1.54237955,"[1.5403726, 1.5451764, 1.5395827]",-1.10750585,"[-1.0694953, -1.1007113, -1.1143004]",True,2025-03-07 17:17:28,2.8751,Pt,"['C:\\AttomRobotFiles\\Data\\DB_Missaka\\cv\\NO3_2p94m_ClO4_3p57m_AC_0p98m_cv0.csv', 'C:\\AttomRobotFiles\\Data\\DB_Missaka\\cv\\NO3_2p94m_ClO4_3p57m_AC_0p98m_cv1.csv', 'C:\\AttomRobotFiles\\Data\\DB_Missaka\\cv\\NO3_2p94m_ClO4_3p57m_AC_0p98m_cv2.csv', 'C:\\AttomRobotFiles\\Data\\DB_Missaka\\eis\\NO3_2p94m_ClO4_3p57m_AC_0p98m_geis0.csv', 'C:\\AttomRobotFiles\\Data\\DB_Missaka\\eis\\NO3_2p94m_ClO4_3p57m_AC_0p98m_geis1.csv', 'C:\\AttomRobotFiles\\Data\\DB_Missaka\\eis\\NO3_2p94m_ClO4_3p57m_AC_0p98m_geis2.csv']",True,0.003953199999999768,0.13633993882678325,"[0.1521438942824983, 0.13543331615003495, 0.1372465615035315]",2025-03-07 17:10:49,0.0018132453534965565,,,0.98,3.57,,2.94,
4b546d3b6acb48c3be36fb935f8f9097,LiTFSI_2m,3.859158680335664,False,2.3471271000000002,"[2.3431262, 2.3471263, 2.3471279000000003]",1.2878994000000001,"[1.2862045, 1.2889944, 1.2868044]",-1.0592277,"[-1.0569217, -1.0581319, -1.0603235]",2.4817265500000003,"[2.4817005, 2.4817198, 2.4817333]",1.3782166999999999,"[1.3805255, 1.3793072, 1.3771262]",-1.10350985,"[-1.101175, -1.1024126, -1.1046071]",True,2025-06-23 16:26:26,2.8751,Pt,"['C:\\AttomRobotFiles\\Data\\DB_Missaka\\cv\\TFSI_2p0m_cv0.csv', 'C:\\AttomRobotFiles\\Data\\DB_Missaka\\cv\\TFSI_2p0m_cv1.csv', 'C:\\AttomRobotFiles\\Data\\DB_Missaka\\cv\\TFSI_2p0m_cv2.csv', 'C:\\AttomRobotFiles\\Data\\DB_Missaka\\eis\\TFSI_2p0m_geis0.csv', 'C:\\AttomRobotFiles\\Data\\DB_Missaka\\eis\\TFSI_2p0m_geis1.csv', 'C:\\AttomRobotFiles\\Data\\DB_Missaka\\eis\\TFSI_2p0m_geis2.csv']",True,1.600000000046009e-06,0.041348056641091396,"[0.042628000621386, 0.042708414213478416, 0.039987699068704384]",2025-06-23 16:20:16,-0.0027207151447740316,,,,,,,2.0
8fa2bf01e18d43c082f9855a8c43e92c,LiTFSI_9p81m_LiNO3_0p82m_LiAC_6p23m,1.8737227199653994,False,2.55819785,"[2.4171441, 2.5533192, 2.5630765]",1.3389828,"[1.2643273, 1.3353916, 1.342574]",-1.21921505,"[-1.1528168, -1.2179276, -1.2205025]",3.0898948,"[3.0257918000000004, 3.0898994, 3.0898902]",1.8293974,"[1.8246754, 1.8296878, 1.829107]",-1.2604974000000002,"[-1.2011164, -1.2602116, -1.2607832]",True,2025-04-21 15:23:33,2.8752,Pt,"['C:\\AttomRobotFiles\\Data\\DB_Missaka\\cv\\TFSI_9p81m_NO3_0p82m_AC_6p23m_cv0.csv', 'C:\\AttomRobotFiles\\Data\\DB_Missaka\\cv\\TFSI_9p81m_NO3_0p82m_AC_6p23m_cv1.csv', 'C:\\AttomRobotFiles\\Data\\DB_Missaka\\cv\\TFSI_9p81m_NO3_0p82m_AC_6p23m_cv2.csv']",True,0.009757300000000413,,[],,,,,6.23,,,0.82,9.81
4e02dc43b02b4081942bfd6d1a4c99bc,LiAC_1m,4.8473120886958485,False,2.2430594,"[2.2530843999999997, 2.197011, 2.2891078]",1.2036619000000002,"[1.2216779, 1.1736343, 1.2336895]",-1.0393975,"[-1.0314065, -1.0233767, -1.0554183]",2.47466115,"[2.4537415, 2.3836985000000004, 2.5656238]",1.3879854,"[1.3760567, 1.3100278, 1.465943]",-1.08667575,"[-1.0776848, -1.0736707, -1.0996808]",True,2025-02-19 01:23:51,2.8753,Pt,"['C:\\AttomRobotFiles\\Data\\DB_Missaka\\eis\\AC_1m_geis0.csv', 'C:\\AttomRobotFiles\\Data\\DB_Missaka\\eis\\AC_1m_geis1.csv', 'C:\\AttomRobotFiles\\Data\\DB_Missaka\\eis\\AC_1m_geis2.csv', 'C:\\AttomRobotFiles\\Data\\DB_Missaka\\cv\\AC_1m_cv0.csv', 'C:\\AttomRobotFiles\\Data\\DB_Missaka\\cv\\AC_1m_cv1.csv', 'C:\\AttomRobotFiles\\Data\\DB_Missaka\\cv\\AC_1m_cv2.csv']",True,0.0920968000000002,0.03102198034562638,"[0.030192425550005182, 0.031067626406815155, 0.030976334284437603]",2025-02-19 01:17:16,-9.12921223775523e-05,,,1.0,,,,
d1b7092958aa420e923c74365eb05b09,LiAC_4m,4.440505209364047,False,2.1619888,"[2.1469842999999997, 2.1670019, 2.1569757000000003]",1.12939185,"[1.1115948, 1.1318092, 1.1269745]",-1.03259695,"[-1.0353895, -1.0351927, -1.0300012]",2.4056961500000003,"[2.3676938, 2.4116872000000003, 2.3997051000000003]",1.3118191000000001,"[1.2779914, 1.3162202, 1.307418]",-1.0938770500000001,"[-1.0897024, -1.095467, -1.0922871]",True,2025-02-19 02:32:21,2.8752,Pt,"['C:\\AttomRobotFiles\\Data\\DB_Missaka\\eis\\AC_4m_geis0.csv', 'C:\\AttomRobotFiles\\Data\\DB_Missaka\\eis\\AC_4m_geis1.csv', 'C:\\AttomRobotFiles\\Data\\DB_Missaka\\eis\\AC_4m_geis2.csv', 'C:\\AttomRobotFiles\\Data\\DB_Missaka\\cv\\AC_4m_cv0.csv', 'C:\\AttomRobotFiles\\Data\\DB_Missaka\\cv\\AC_4m_cv1.csv', 'C:\\AttomRobotFiles\\Data\\DB_Missaka\\cv\\AC_4m_cv2.csv']",True,-0.010026199999999541,0.03685756556853777,"[0.0378559410309239, 0.03659920743767333, 0.03711592369940221]",2025-02-19 02:26:07,0.000516716261728882,,,4.0,,,,
c14cc9a98a8745689950fd7f3a155865,LiAC_5m,4.319663741335243,False,2.15499525,"[2.1149571, 2.1490109, 2.1609796]",1.1281198,"[1.0680023, 1.1228331, 1.1334065]",-1.02687545,"[-1.0469548, -1.0261778, -1.0275731]",2.3816574499999996,"[2.3256148999999997, 2.3696625, 2.3936523999999997]",1.2965372,"[1.220361, 1.2852355, 1.3078389]",-1.0851202500000001,"[-1.1052539, -1.084427, -1.0858135]",True,2025-07-21 14:10:04,24.0,Pt,"['C:\\AttomRobotFiles\\Data\\DB_Missaka\\eis\\AC_5m_geis0.csv', 'C:\\AttomRobotFiles\\Data\\DB_Missaka\\eis\\AC_5m_geis1.csv', 'C:\\AttomRobotFiles\\Data\\DB_Missaka\\eis\\AC_5m_geis2.csv', 'C:\\AttomRobotFiles\\Data\\DB_Missaka\\cv\\AC_5m_cv0.csv', 'C:\\AttomRobotFiles\\Data\\DB_Missaka\\cv\\AC_5m_cv1.csv', 'C:\\AttomRobotFiles\\Data\\DB_Missaka\\cv\\AC_5m_cv2.csv']",True,0.011968700000000165,0.03592945517310468,"[0.03862787089896737, 0.03586470158552766, 0.03599420876068171]",2025-07-21 14:03:47,0.0001295071751540519,,,5.0,,,,
f019ad4d77f3427ea016daf3a06d67ea,LiAC_7m,4.096693415632222,False,2.1389671,"[2.1089881000000004, 2.1389692, 2.138965]",1.1100539500000002,"[1.0560521, 1.10586, 1.1142479]",-1.02891315,"[-1.052936, -1.0331092, -1.0247171]",2.37169795,"[2.3256101, 2.3717135000000003, 2.3716824]",1.2834841,"[1.2143986, 1.2822795, 1.2846887]",-1.08821385,"[-1.1112115, -1.089434, -1.0869937]",True,2025-07-18 16:12:18,24.06,Pt,"['C:\\AttomRobotFiles\\Data\\DB_Missaka\\eis\\AC_7m_geis0.csv', 'C:\\AttomRobotFiles\\Data\\DB_Missaka\\eis\\AC_7m_geis1.csv', 'C:\\AttomRobotFiles\\Data\\DB_Missaka\\eis\\AC_7m_geis2.csv', 'C:\\AttomRobotFiles\\Data\\DB_Missaka\\cv\\AC_7m_cv0.csv', 'C:\\AttomRobotFiles\\Data\\DB_Missaka\\cv\\AC_7m_cv1.csv', 'C:\\AttomRobotFiles\\Data\\DB_Missaka\\cv\\AC_7m_cv2.csv']",True,-4.200000000231796e-06,0.027717275753940306,"[0.0297917250389716, 0.02735589339485875, 0.02807865811302186]",2025-07-18 16:06:00,0.0007227647181631096,,,7.0,,,,
98443287078c49c28d5dafe0482c2bbf,LiClO4_0p4m_LiAC_6p3m,4.111455216871584,False,2.17099215,"[2.1670075, 2.1709985, 2.1709858]",1.1109877,"[1.1088098, 1.1107966, 1.1111788]",-1.06000445,"[-1.0581977, -1.0602019, -1.059807]",2.4726656,"[2.451736, 2.4737663000000003, 2.4715648999999997]",1.33733155,"[1.3252414, 1.3392287, 1.3354344]",-1.13533405,"[-1.1264946, -1.1345376, -1.1361305]",True,2025-02-18 18:32:43,2.8752,Pt,"['C:\\AttomRobotFiles\\Data\\DB_Missaka\\eis\\ClO4_0p4m_AC_6p3m_geis0.csv', 'C:\\AttomRobotFiles\\Data\\DB_Missaka\\eis\\ClO4_0p4m_AC_6p3m_geis1.csv', 'C:\\AttomRobotFiles\\Data\\DB_Missaka\\eis\\ClO4_0p4m_AC_6p3m_geis2.csv', 'C:\\AttomRobotFiles\\Data\\DB_Missaka\\cv\\ClO4_0p4m_AC_6p3m_cv0.csv', 'C:\\AttomRobotFiles\\Data\\DB_Missaka\\cv\\ClO4_0p4m_AC_6p3m_cv1.csv', 'C:\\AttomRobotFiles\\Data\\DB_Missaka\\cv\\ClO4_0p4m_AC_6p3m_cv2.csv']",True,-1.2700000000087641e-05,0.027903104678423427,"[0.02762842460859153, 0.028159146046082783, 0.02764706331076407]",2025-02-18 18:25:56,-0.0005120827353187127,,,6.3,0.4,,,
906d9383671544599aaad886e2ee5b45,LiClO4_0p85m,4.819074651885776,False,2.2830015,"[2.3010726, 2.2808867, 2.2851163]",1.2609111,"[1.2963196, 1.2608994, 1.2609228]",-1.0220904,"[-1.004753, -1.0199873, -1.0241935]",2.4105122999999997,"[2.435705, 2.4094959, 2.4115287]",1.3462452,"[1.3866487, 1.3472303, 1.3452601]",-1.0642671,"[-1.0490563, -1.0622656, -1.0662686]",True,2025-02-17 10:51:57,2.8752,Pt,"['C:\\AttomRobotFiles\\Data\\DB_Missaka\\eis\\ClO4_0p85m_geis0.csv', 'C:\\AttomRobotFiles\\Data\\DB_Missaka\\eis\\ClO4_0p85m_geis1.csv', 'C:\\AttomRobotFiles\\Data\\DB_Missaka\\eis\\ClO4_0p85m_geis2.csv', 'C:\\AttomRobotFiles\\Data\\DB_Missaka\\cv\\ClO4_0p85m_cv0.csv', 'C:\\AttomRobotFiles\\Data\\DB_Missaka\\cv\\ClO4_0p85m_cv1.csv', 'C:\\AttomRobotFiles\\Data\\DB_Missaka\\cv\\ClO4_0p85m_cv2.csv']",True,0.0042295999999999445,0.03284086316521455,"[0.0335728162524838, 0.03285640337141137, 0.03282532295901773]",2025-02-17 10:51:54,-3.108041239364284e-05,,,,0.85,,,
6017d10ea1ef4b149e5197f714d4a379,LiClO4_1p3m,4.728491871403417,False,2.2691308,"[2.2769297, 2.2711404, 2.2671212]",1.2526103000000002,"[1.2753298, 1.2571247, 1.2480959]",-1.0165205,"[-1.0015999, -1.0140157, -1.0190253]",2.3946956999999998,"[2.4155347000000003, 2.3977136, 2.3916778]",1.33390805,"[1.3636297, 1.339416, 1.3284001]",-1.06078765,"[-1.051905, -1.0582976, -1.0632777]",True,2025-02-17 10:51:57,2.8748999,Pt,"['C:\\AttomRobotFiles\\Data\\DB_Missaka\\eis\\ClO4_1p30m_geis0.csv', 'C:\\AttomRobotFiles\\Data\\DB_Missaka\\eis\\ClO4_1p30m_geis1.csv', 'C:\\AttomRobotFiles\\Data\\DB_Missaka\\eis\\ClO4_1p30m_geis2.csv', 'C:\\AttomRobotFiles\\Data\\DB_Missaka\\cv\\ClO4_1p30m_cv0.csv', 'C:\\AttomRobotFiles\\Data\\DB_Missaka\\cv\\ClO4_1p30m_cv1.csv', 'C:\\AttomRobotFiles\\Data\\DB_Missaka\\cv\\ClO4_1p30m_cv2.csv']",True,-0.004019200000000112,0.07730489504669051,"[0.07863205060946625, 0.07775565646612531, 0.07685413362725571]",2025-02-17 10:51:54,-0.0009015228388696006,,,,1.3,,,
b567a8cae85744e3853842e1ae214eaa,LiClO4_1p76m,4.639349455897102,False,2.3281365,"[2.3111046, 2.3251412, 2.3311317999999996]",1.31354745,"[1.3151555, 1.3129529, 1.314142]",-1.01458905,"[-0.9959491, -1.0121883, -1.0169898]",2.4657489999999997,"[2.4435479, 2.4617457, 2.4697523]",1.40387015,"[1.4032792, 1.4032749, 1.4044654]",-1.06187885,"[-1.0402687, -1.0584708, -1.0652869]",True,2025-02-17 10:51:58,2.8753,Pt,"['C:\\AttomRobotFiles\\Data\\DB_Missaka\\eis\\ClO4_1p76m_geis0.csv', 'C:\\AttomRobotFiles\\Data\\DB_Missaka\\eis\\ClO4_1p76m_geis1.csv', 'C:\\AttomRobotFiles\\Data\\DB_Missaka\\eis\\ClO4_1p76m_geis2.csv', 'C:\\AttomRobotFiles\\Data\\DB_Missaka\\cv\\ClO4_1p76m_cv0.csv', 'C:\\AttomRobotFiles\\Data\\DB_Missaka\\cv\\ClO4_1p76m_cv1.csv', 'C:\\AttomRobotFiles\\Data\\DB_Missaka\\cv\\ClO4_1p76m_cv2.csv']",True,0.005990599999999624,0.024113485958834453,"[0.04197696201242588, 0.004442880648026444, 0.043784091269642465]",2025-02-17 10:51:55,0.039341210621616024,,,,1.76,,,
a6fb748957284b669f835d7181fa8180,LiClO4_2p75m,4.45845570246493,False,2.317138,"[2.3171393, 2.3171451999999997, 2.3171308]",1.2976287499999999,"[1.3329628, 1.3019272, 1.2933303]",-1.01950925,"[-0.9841765, -1.015218, -1.0238005]",2.44974595,"[2.4517412, 2.4497642, 2.4497277]",1.3869673,"[1.4212625, 1.3922783, 1.3816563]",-1.06277865,"[-1.0304787, -1.0574859, -1.0680714]",True,2025-02-17 10:51:57,2.8753,Pt,"['C:\\AttomRobotFiles\\Data\\DB_Missaka\\eis\\ClO4_2p75m_geis0.csv', 'C:\\AttomRobotFiles\\Data\\DB_Missaka\\eis\\ClO4_2p75m_geis1.csv', 'C:\\AttomRobotFiles\\Data\\DB_Missaka\\eis\\ClO4_2p75m_geis2.csv', 'C:\\AttomRobotFiles\\Data\\DB_Missaka\\cv\\ClO4_2p75m_cv0.csv', 'C:\\AttomRobotFiles\\Data\\DB_Missaka\\cv\\ClO4_2p75m_cv1.csv', 'C:\\AttomRobotFiles\\Data\\DB_Missaka\\cv\\ClO4_2p75m_cv2.csv']",True,-1.4399999999525903e-05,0.08418954674034727,"[0.08318474007983702, 0.08666838377959718, 0.08171070970109737]",2025-02-17 10:51:56,-0.004957674078499813,,,,2.75,,,
85429c6636cf4d0e8140bf4a6e91382c,LiClO4_3p2m_Li2SO4_0p96m,4.149994428812807,False,2.33609535,"[2.3329388, 2.3410891, 2.3311016]",1.3319489500000001,"[1.3515939, 1.3417461, 1.3221518]",-1.0041464,"[-0.9813449, -0.999343, -1.0089498]",2.4936814,"[2.5036176, 2.4998024, 2.4875603999999996]",1.44320415,"[1.4739538, 1.4541281, 1.4322802]",-1.05047725,"[-1.0296638, -1.0456743, -1.0552802]",True,2025-02-28 14:30:56,2.8752,Pt,"['C:\\AttomRobotFiles\\Data\\DB_Missaka\\eis\\ClO4_3p2m_SO4_0p96m_geis0.csv', 'C:\\AttomRobotFiles\\Data\\DB_Missaka\\eis\\ClO4_3p2m_SO4_0p96m_geis1.csv', 'C:\\AttomRobotFiles\\Data\\DB_Missaka\\eis\\ClO4_3p2m_SO4_0p96m_geis2.csv', 'C:\\AttomRobotFiles\\Data\\DB_Missaka\\cv\\ClO4_3p2m_SO4_0p96m_cv0.csv', 'C:\\AttomRobotFiles\\Data\\DB_Missaka\\cv\\ClO4_3p2m_SO4_0p96m_cv1.csv', 'C:\\AttomRobotFiles\\Data\\DB_Missaka\\cv\\ClO4_3p2m_SO4_0p96m_cv2.csv']",True,-0.009987499999999816,0.12029769894348655,"[0.13507465559547924, 0.12998817255485504, 0.11060722533211804]",2025-02-28 14:24:47,-0.01938094722273699,,0.96,,3.2,,,
5c6ca01d9ff041d49b75faf01a3f9943,LiClO4_5m,4.095525246403033,False,2.35013675,"[2.4132034, 2.3531351000000003, 2.3471384]",1.3234925,"[1.4000713, 1.3306022, 1.3163828]",-1.02664425,"[-1.0131321, -1.0225329, -1.0307556]",2.4837605,"[2.5516003, 2.4897779, 2.4777431]",1.41085775,"[1.4922047, 1.4189744, 1.4027411]",-1.07290275,"[-1.0593956, -1.0708035, -1.075002]",True,2025-07-18 18:40:15,23.87,Pt,"['C:\\AttomRobotFiles\\Data\\DB_Missaka\\eis\\ClO4_5m_geis0.csv', 'C:\\AttomRobotFiles\\Data\\DB_Missaka\\eis\\ClO4_5m_geis1.csv', 'C:\\AttomRobotFiles\\Data\\DB_Missaka\\eis\\ClO4_5m_geis2.csv', 'C:\\AttomRobotFiles\\Data\\DB_Missaka\\cv\\ClO4_5m_cv0.csv', 'C:\\AttomRobotFiles\\Data\\DB_Missaka\\cv\\ClO4_5m_cv1.csv', 'C:\\AttomRobotFiles\\Data\\DB_Missaka\\cv\\ClO4_5m_cv2.csv']",True,-0.005996700000000299,0.13429146886830562,"[0.1464166102816815, 0.1242047573424836, 0.14437818039412761]",2025-07-18 18:34:05,0.02017342305164402,,,,5.0,,,
7fe12a83d8c74e64b264cda1ab400159,LiFSI_0p36m,4.844945239139513,False,2.2931509500000002,"[2.2771073, 2.2931422, 2.2931597]",1.26660515,"[1.2529093, 1.2668936, 1.2663167]",-1.0265458,"[-1.024198, -1.0262486, -1.026843]",2.4147123,"[2.4094656, 2.4157339, 2.4136907]",1.34593345,"[1.3429986, 1.3472592, 1.3446077]",-1.0687788500000002,"[-1.066467, -1.0684747, -1.069083]",True,2025-02-17 10:51:57,2.8748999,Pt,"['C:\\AttomRobotFiles\\Data\\DB_Missaka\\eis\\FSI_0p36m_geis0.csv', 'C:\\AttomRobotFiles\\Data\\DB_Missaka\\eis\\FSI_0p36m_geis1.csv', 'C:\\AttomRobotFiles\\Data\\DB_Missaka\\eis\\FSI_0p36m_geis2.csv', 'C:\\AttomRobotFiles\\Data\\DB_Missaka\\cv\\FSI_0p36m_cv0.csv', 'C:\\AttomRobotFiles\\Data\\DB_Missaka\\cv\\FSI_0p36m_cv1.csv', 'C:\\AttomRobotFiles\\Data\\DB_Missaka\\cv\\FSI_0p36m_cv2.csv']",True,1.749999999978158e-05,0.016255555830298044,"[0.01612930062132255, 0.01630702757966893, 0.016204084080927154]",2025-02-17 10:51:56,-0.00010294349874177475,,,,,0.36,,
1519953eb1fa4962aaf26db6b534c9ef,LiFSI_0p62m,4.73881104172952,False,2.3081614999999998,"[2.2931017, 2.3091717, 2.3071513]",1.29123525,"[1.2975354, 1.2955457, 1.2869248]",-1.01692625,"[-0.9955663, -1.013626, -1.0202265]",2.4427613,"[2.4317611, 2.4437802, 2.4417424]",1.3795627499999998,"[1.3898745, 1.3838731, 1.3752524]",-1.06319855,"[-1.0418866, -1.0599071, -1.06649]",True,2025-02-17 10:51:57,2.8753998,Pt,"['C:\\AttomRobotFiles\\Data\\DB_Missaka\\eis\\FSI_0p62m_geis0.csv', 'C:\\AttomRobotFiles\\Data\\DB_Missaka\\eis\\FSI_0p62m_geis1.csv', 'C:\\AttomRobotFiles\\Data\\DB_Missaka\\eis\\FSI_0p62m_geis2.csv', 'C:\\AttomRobotFiles\\Data\\DB_Missaka\\cv\\FSI_0p62m_cv0.csv', 'C:\\AttomRobotFiles\\Data\\DB_Missaka\\cv\\FSI_0p62m_cv1.csv', 'C:\\AttomRobotFiles\\Data\\DB_Missaka\\cv\\FSI_0p62m_cv2.csv']",True,-0.0020203999999997,0.03326867953908701,"[0.03271040520855836, 0.03350506465942837, 0.03303229441874565]",2025-02-17 10:51:55,-0.00047277024068271417,,,,,0.62,,
8afc9d41159e43f9afeb6208db31e566,LiFSI_10p43m,2.5944242546680885,False,2.5853634999999997,"[2.5531837, 2.5833841, 2.5873429]",1.4574878,"[1.4969274, 1.4733281, 1.4416475]",-1.1278757,"[-1.0562563, -1.110056, -1.1456954]",2.7749108,"[2.7556368, 2.7739946, 2.7758269999999996]",1.5967299499999998,"[1.6511154, 1.6136264, 1.5798335]",-1.17818085,"[-1.1045214, -1.1603682, -1.1959935]",True,2025-02-17 10:51:57,2.8753,Pt,"['C:\\AttomRobotFiles\\Data\\DB_Missaka\\eis\\FSI_10p43m_geis0.csv', 'C:\\AttomRobotFiles\\Data\\DB_Missaka\\eis\\FSI_10p43m_geis1.csv', 'C:\\AttomRobotFiles\\Data\\DB_Missaka\\eis\\FSI_10p43m_geis2.csv', 'C:\\AttomRobotFiles\\Data\\DB_Missaka\\cv\\FSI_10p43m_cv0.csv', 'C:\\AttomRobotFiles\\Data\\DB_Missaka\\cv\\FSI_10p43m_cv1.csv', 'C:\\AttomRobotFiles\\Data\\DB_Missaka\\cv\\FSI_10p43m_cv2.csv']",True,0.003958799999999929,0.07548355710672557,"[0.07971669309696515, 0.07398627619662364, 0.0769808380168275]",2025-02-17 10:51:55,0.002994561820203856,,,,,10.43,,
d50c45ac4cbd4e068214ff1997e5d3d1,LiFSI_13p44m_LiNO3_3p64m,2.1800971949477117,False,2.78436,"[2.7091320000000003, 2.7853683, 2.7833517]",1.72161595,"[1.685912, 1.7319218, 1.7113101]",-1.06274405,"[-1.02322, -1.0534465, -1.0720416]",2.92997755,"[2.9157372, 2.9319417999999997, 2.9280133]",1.8189375,"[1.8422308, 1.8302205, 1.8076545]",-1.11104005,"[-1.0735064, -1.1017213, -1.1203588]",True,2025-02-17 10:51:57,2.8753998,Pt,"['C:\\AttomRobotFiles\\Data\\DB_Missaka\\eis\\FSI_13p44m_NO3_3p64m_geis0.csv', 'C:\\AttomRobotFiles\\Data\\DB_Missaka\\eis\\FSI_13p44m_NO3_3p64m_geis1.csv', 'C:\\AttomRobotFiles\\Data\\DB_Missaka\\eis\\FSI_13p44m_NO3_3p64m_geis2.csv', 'C:\\AttomRobotFiles\\Data\\DB_Missaka\\cv\\FSI_13p44m_NO3_3p64m_cv0.csv', 'C:\\AttomRobotFiles\\Data\\DB_Missaka\\cv\\FSI_13p44m_NO3_3p64m_cv1.csv', 'C:\\AttomRobotFiles\\Data\\DB_Missaka\\cv\\FSI_13p44m_NO3_3p64m_cv2.csv']",True,-0.002016600000000146,0.05589344030625412,"[0.05762338052284147, 0.05669783396130588, 0.05508904665120237]",2025-02-17 10:51:55,-0.0016087873101035058,,,,,13.44,3.64,
5aa9c7bf8c9f4fa9940100bf81114ed3,LiFSI_1p26m_Li2SO4_1p26m,4.182945768255948,False,2.3550560999999997,"[2.3171293, 2.3529667, 2.3571454999999997]",1.32055755,"[1.2981428, 1.3235648, 1.3175503]",-1.03449855,"[-1.0189865, -1.0294019, -1.0395952]",2.5006424999999997,"[2.4657654, 2.4995355999999997, 2.5017494]",1.41688715,"[1.4004984, 1.4198893, 1.413885]",-1.0837553500000001,"[-1.065267, -1.0796463, -1.0878644]",True,2025-02-19 00:15:02,2.8751,Pt,"['C:\\AttomRobotFiles\\Data\\DB_Missaka\\eis\\FSI_1p26m_SO4_1p26m_geis0.csv', 'C:\\AttomRobotFiles\\Data\\DB_Missaka\\eis\\FSI_1p26m_SO4_1p26m_geis1.csv', 'C:\\AttomRobotFiles\\Data\\DB_Missaka\\eis\\FSI_1p26m_SO4_1p26m_geis2.csv', 'C:\\AttomRobotFiles\\Data\\DB_Missaka\\cv\\FSI_1p26m_SO4_1p26m_cv0.csv', 'C:\\AttomRobotFiles\\Data\\DB_Missaka\\cv\\FSI_1p26m_SO4_1p26m_cv1.csv', 'C:\\AttomRobotFiles\\Data\\DB_Missaka\\cv\\FSI_1p26m_SO4_1p26m_cv2.csv']",True,0.004178799999999594,0.07192702736533566,"[0.07009677541136054, 0.07197333638584574, 0.07188071834482558]",2025-02-18 23:38:58,-9.261804102016213e-05,,1.26,,,1.26,,
ab2e2b1e94fa4aa68be445fcbd85a0a1,LiFSI_5p1m,3.440252675337638,False,2.47014755,"[2.4230288, 2.5170988, 2.4231963]",1.32945665,"[1.3616008, 1.3806131, 1.2783002]",-1.1406909,"[-1.061428, -1.1364857, -1.1448961]",2.62278595,"[2.5716314000000002, 2.6737482999999997, 2.5718236]",1.4358160500000001,"[1.4619311, 1.4909732, 1.3806589]",-1.1869699,"[-1.1097003, -1.1827751, -1.1911647]",True,2025-02-17 10:51:57,2.8752,Pt,"['C:\\AttomRobotFiles\\Data\\DB_Missaka\\eis\\FSI_5p1m_geis0.csv', 'C:\\AttomRobotFiles\\Data\\DB_Missaka\\eis\\FSI_5p1m_geis1.csv', 'C:\\AttomRobotFiles\\Data\\DB_Missaka\\eis\\FSI_5p1m_geis2.csv', 'C:\\AttomRobotFiles\\Data\\DB_Missaka\\cv\\FSI_5p1m_cv0.csv', 'C:\\AttomRobotFiles\\Data\\DB_Missaka\\cv\\FSI_5p1m_cv1.csv', 'C:\\AttomRobotFiles\\Data\\DB_Missaka\\cv\\FSI_5p1m_cv2.csv']",True,-0.0939025,0.09331907975294534,"[0.09852525598369725, 0.10015676269343242, 0.08648139681245827]",2025-02-17 10:51:54,-0.01367536588097415,,,,,5.1,,
6d6162dc35204ba99e0b7ccad7b4fb21,LiNO3_0p28m_LiClO4_5m,4.070217643176819,False,2.37022145,"[2.4192025, 2.3732419, 2.3672009999999997]",1.3384432,"[1.4161931, 1.3477597, 1.3291267]",-1.03177825,"[-1.0030094, -1.0254822, -1.0380743]",2.5338357,"[2.5678644, 2.5358175000000003, 2.5318538999999998]",1.4578063,"[1.5185373, 1.4660846, 1.449528]",-1.0760294,"[-1.0493271, -1.0697329, -1.0823259]",True,2025-02-17 10:51:57,2.8748999,Pt,"['C:\\AttomRobotFiles\\Data\\DB_Missaka\\eis\\NO3_0p28m_ClO4_5m_geis0.csv', 'C:\\AttomRobotFiles\\Data\\DB_Missaka\\eis\\NO3_0p28m_ClO4_5m_geis1.csv', 'C:\\AttomRobotFiles\\Data\\DB_Missaka\\eis\\NO3_0p28m_ClO4_5m_geis2.csv', 'C:\\AttomRobotFiles\\Data\\DB_Missaka\\cv\\NO3_0p28m_ClO4_5m_cv0.csv', 'C:\\AttomRobotFiles\\Data\\DB_Missaka\\cv\\NO3_0p28m_ClO4_5m_cv1.csv', 'C:\\AttomRobotFiles\\Data\\DB_Missaka\\cv\\NO3_0p28m_ClO4_5m_cv2.csv']",True,-0.006040900000000349,0.1669139066762495,"[0.17380731397417964, 0.1738167463977704, 0.16001106695472858]",2025-02-17 10:51:55,-0.013805679443041813,,,,5.0,,0.28,
3fb3af97c508480b8471fd962106a35e,LiNO3_0p56m_LiClO4_0p3m,4.861767808146587,False,2.2921141,"[2.3111011, 2.2931008999999998, 2.2911273]",1.26893145,"[1.3237388, 1.2755413, 1.2623216]",-1.0231826499999999,"[-0.9873623, -1.0175596, -1.0288057]",2.4497324,"[2.4617288, 2.451745, 2.4477198]",1.3802732,"[1.4260921, 1.3878828, 1.3726636]",-1.0694591999999998,"[-1.0356367, -1.0638622, -1.0750562]",True,2025-02-18 23:06:56,2.8753,Pt,"['C:\\AttomRobotFiles\\Data\\DB_Missaka\\eis\\NO3_0p56m_ClO4_0p3m_geis0.csv', 'C:\\AttomRobotFiles\\Data\\DB_Missaka\\eis\\NO3_0p56m_ClO4_0p3m_geis1.csv', 'C:\\AttomRobotFiles\\Data\\DB_Missaka\\eis\\NO3_0p56m_ClO4_0p3m_geis2.csv', 'C:\\AttomRobotFiles\\Data\\DB_Missaka\\cv\\NO3_0p56m_ClO4_0p3m_cv0.csv', 'C:\\AttomRobotFiles\\Data\\DB_Missaka\\cv\\NO3_0p56m_ClO4_0p3m_cv1.csv', 'C:\\AttomRobotFiles\\Data\\DB_Missaka\\cv\\NO3_0p56m_ClO4_0p3m_cv2.csv']",True,-0.0019735999999999088,0.05281737269142646,"[0.05441059490069067, 0.055964377065017154, 0.04967036831783577]",2025-02-18 23:00:53,-0.006294008747181383,,,,0.3,,0.56,
075dd8546638473398cc89ee1280a298,LiNO3_0p93m_LiClO4_0p65m,4.744182017890837,False,2.33015835,"[2.32499074, 2.3291489, 2.3311678000000002]",1.3165550000000001,"[1.3498119, 1.3225609, 1.3105491]",-1.01360335,"[-0.97517884, -1.006588, -1.0206187]",2.5028013000000002,"[2.489624, 2.5058214000000003, 2.4997812]",1.4439069999999998,"[1.4681579, 1.4529352, 1.4348788]",-1.0588943,"[-1.0214661, -1.0528862, -1.0649024]",True,2025-02-17 10:51:58,2.8748999,Pt,"['C:\\AttomRobotFiles\\Data\\DB_Missaka\\eis\\NO3_0p93m_ClO4_0p65m_geis0.csv', 'C:\\AttomRobotFiles\\Data\\DB_Missaka\\eis\\NO3_0p93m_ClO4_0p65m_geis1.csv', 'C:\\AttomRobotFiles\\Data\\DB_Missaka\\eis\\NO3_0p93m_ClO4_0p65m_geis2.csv', 'C:\\AttomRobotFiles\\Data\\DB_Missaka\\cv\\NO3_0p93m_ClO4_0p65m_cv0.csv', 'C:\\AttomRobotFiles\\Data\\DB_Missaka\\cv\\NO3_0p93m_ClO4_0p65m_cv1.csv', 'C:\\AttomRobotFiles\\Data\\DB_Missaka\\cv\\NO3_0p93m_ClO4_0p65m_cv2.csv']",True,0.0020189000000003787,0.08976713017709592,"[0.08061250572311314, 0.09089659821434877, 0.08863766213984306]",2025-02-17 10:51:55,-0.00225893607450571,,,,0.65,,0.93,
d47da739442345809d42fe038fa1c16e,LiNO3_2p12m,4.7282485269614245,False,2.31313455,"[2.3511533, 2.3171239000000003, 2.3091452]",1.2963438,"[1.370165, 1.3073542, 1.2853334]",-1.0167907500000002,"[-0.9809883, -1.0097697, -1.0238118]",2.4967952999999996,"[2.5118606999999997, 2.4997876999999997, 2.4938029]",1.4336915000000001,"[1.4845625, 1.4436917, 1.4236913]",-1.0631038,"[-1.0272982, -1.056096, -1.0701116]",True,2025-02-17 10:51:57,2.8751,Pt,"['C:\\AttomRobotFiles\\Data\\DB_Missaka\\eis\\NO3_2p12m_geis0.csv', 'C:\\AttomRobotFiles\\Data\\DB_Missaka\\eis\\NO3_2p12m_geis1.csv', 'C:\\AttomRobotFiles\\Data\\DB_Missaka\\eis\\NO3_2p12m_geis2.csv', 'C:\\AttomRobotFiles\\Data\\DB_Missaka\\cv\\NO3_2p12m_cv0.csv', 'C:\\AttomRobotFiles\\Data\\DB_Missaka\\cv\\NO3_2p12m_cv1.csv', 'C:\\AttomRobotFiles\\Data\\DB_Missaka\\cv\\NO3_2p12m_cv2.csv']",True,-0.007978700000000227,0.10432063577599132,"[0.10651502897218516, 0.10565660365158955, 0.10298466790039311]",2025-02-17 10:51:55,-0.0026719357511964387,,,,,,2.12,
65a28319a651477d83f1b7c370369cf2,LiNO3_2p24m_LiAC_3p92m,4.222240803458117,False,2.1579926499999997,"[2.1669873, 2.1589738, 2.1570115]",1.156638,"[1.1778252, 1.1600255, 1.1532505]",-1.00135465,"[-0.9891621, -0.9989483, -1.003761]",2.3726830999999997,"[2.3816818, 2.3736696, 2.3716966]",1.3180051499999998,"[1.3401977, 1.3203946, 1.3156157]",-1.0546779499999999,"[-1.0414841, -1.053275, -1.0560809]",True,2025-02-28 15:39:01,2.8751,Pt,"['C:\\AttomRobotFiles\\Data\\DB_Missaka\\eis\\NO3_2p24m_AC_3p92m_geis0.csv', 'C:\\AttomRobotFiles\\Data\\DB_Missaka\\eis\\NO3_2p24m_AC_3p92m_geis1.csv', 'C:\\AttomRobotFiles\\Data\\DB_Missaka\\eis\\NO3_2p24m_AC_3p92m_geis2.csv', 'C:\\AttomRobotFiles\\Data\\DB_Missaka\\cv\\NO3_2p24m_AC_3p92m_cv0.csv', 'C:\\AttomRobotFiles\\Data\\DB_Missaka\\cv\\NO3_2p24m_AC_3p92m_cv1.csv', 'C:\\AttomRobotFiles\\Data\\DB_Missaka\\cv\\NO3_2p24m_AC_3p92m_cv2.csv']",True,-0.0019623000000001944,0.06007261775000441,"[0.060148774990983825, 0.05820205080563433, 0.06194318469437449]",2025-02-28 15:32:54,0.0037411338887401585,,,3.92,,,2.24,
89ac2070bb0b4596a93623a08ff5ad96,LiNO3_5m,4.403145114499237,False,2.44920005,"[2.3851301, 2.4672058999999997, 2.4311942]",1.40985535,"[1.4008424, 1.4332683, 1.3864424]",-1.0393447,"[-0.9842877, -1.0339376, -1.0447518]",2.649878,"[2.5918482000000003, 2.6658901000000004, 2.6338659]",1.5642326,"[1.5592259, 1.5856524, 1.5428128]",-1.0856454000000002,"[-1.0326223, -1.0802377, -1.0910531]",True,2025-07-21 15:24:25,24.18,Pt,"['C:\\AttomRobotFiles\\Data\\DB_Missaka\\eis\\NO3_5m_geis0.csv', 'C:\\AttomRobotFiles\\Data\\DB_Missaka\\eis\\NO3_5m_geis1.csv', 'C:\\AttomRobotFiles\\Data\\DB_Missaka\\eis\\NO3_5m_geis2.csv', 'C:\\AttomRobotFiles\\Data\\DB_Missaka\\cv\\NO3_5m_cv0.csv', 'C:\\AttomRobotFiles\\Data\\DB_Missaka\\cv\\NO3_5m_cv1.csv', 'C:\\AttomRobotFiles\\Data\\DB_Missaka\\cv\\NO3_5m_cv2.csv']",True,-0.036011699999999536,0.14559373003889686,"[0.17606661022174727, 0.13232661357116723, 0.15886084650662646]",2025-07-21 15:18:00,0.02653423293545923,,,,,,5.0,
5580177ab89940b190cd6463cfc922ef,LiNO3_5p32m_LiClO4_0p8m,4.238860068753783,False,2.2731236,"[2.4031826, 2.2810917, 2.2651555]",1.25924035,"[1.3944274, 1.2717303, 1.2467504]",-1.0138832500000001,"[-1.0087552, -1.0093614, -1.0184051]",2.47176655,"[2.5878403, 2.4757568, 2.4677762999999997]",1.4085931999999999,"[1.5307703, 1.4180826, 1.3991038]",-1.06317335,"[-1.05707, -1.0576742, -1.0686725]",True,2025-02-28 16:47:16,2.8751,Pt,"['C:\\AttomRobotFiles\\Data\\DB_Missaka\\eis\\NO3_5p32m_ClO4_0p8m_geis0.csv', 'C:\\AttomRobotFiles\\Data\\DB_Missaka\\eis\\NO3_5p32m_ClO4_0p8m_geis1.csv', 'C:\\AttomRobotFiles\\Data\\DB_Missaka\\eis\\NO3_5p32m_ClO4_0p8m_geis2.csv', 'C:\\AttomRobotFiles\\Data\\DB_Missaka\\cv\\NO3_5p32m_ClO4_0p8m_cv0.csv', 'C:\\AttomRobotFiles\\Data\\DB_Missaka\\cv\\NO3_5p32m_ClO4_0p8m_cv1.csv', 'C:\\AttomRobotFiles\\Data\\DB_Missaka\\cv\\NO3_5p32m_ClO4_0p8m_cv2.csv']",True,-0.015936200000000067,0.10363724387361223,"[0.12664419527325183, 0.10356174673281285, 0.10371274101441161]",2025-02-28 16:41:08,0.00015099428159875972,,,,0.8,,5.32,
8c6759840e264a50abe03034f6cc9370,LiNO3_7m,4.202483299419715,False,2.3271186000000004,"[2.3511243000000004, 2.3271275, 2.3271097000000003]",1.28177005,"[1.3331923, 1.2865806, 1.2769595]",-1.04534855,"[-1.017932, -1.0405469, -1.0501502]",2.5507222,"[2.549792, 2.549808, 2.5516364]",1.45407345,"[1.48159, 1.4589653, 1.4491816]",-1.09664875,"[-1.068202, -1.0908427, -1.1024548]",True,2025-07-21 16:38:33,24.12,Pt,"['C:\\AttomRobotFiles\\Data\\DB_Missaka\\eis\\NO3_7m_geis0.csv', 'C:\\AttomRobotFiles\\Data\\DB_Missaka\\eis\\NO3_7m_geis1.csv', 'C:\\AttomRobotFiles\\Data\\DB_Missaka\\eis\\NO3_7m_geis2.csv', 'C:\\AttomRobotFiles\\Data\\DB_Missaka\\cv\\NO3_7m_cv0.csv', 'C:\\AttomRobotFiles\\Data\\DB_Missaka\\cv\\NO3_7m_cv1.csv', 'C:\\AttomRobotFiles\\Data\\DB_Missaka\\cv\\NO3_7m_cv2.csv']",True,-1.7799999999734695e-05,0.12625061399970325,"[0.13360818032006835, 0.13537789476444045, 0.11712333323496604]",2025-07-21 16:32:13,-0.01825456152947441,,,,,,7.0,
e6df39b818ac4447868bc38c3b7ed450,Li2SO4_1p2m_LiAC_0p14m,4.613566110537662,False,2.2220723000000002,"[2.2110714, 2.2210545, 2.2230901000000003]",1.19097085,"[1.1884724, 1.1904562, 1.1914855]",-1.03110145,"[-1.022599, -1.0305983, -1.0316046]",2.3956756,"[2.38148, 2.3956782, 2.3956730000000004]",1.3163047,"[1.3106259, 1.3168124, 1.315797]",-1.0793709,"[-1.0708541, -1.0788658, -1.079876]",True,2025-02-18 21:58:57,2.8752,Pt,"['C:\\AttomRobotFiles\\Data\\DB_Missaka\\eis\\SO4_1p2m_AC_0p14m_geis0.csv', 'C:\\AttomRobotFiles\\Data\\DB_Missaka\\eis\\SO4_1p2m_AC_0p14m_geis1.csv', 'C:\\AttomRobotFiles\\Data\\DB_Missaka\\eis\\SO4_1p2m_AC_0p14m_geis2.csv', 'C:\\AttomRobotFiles\\Data\\DB_Missaka\\cv\\SO4_1p2m_AC_0p14m_cv0.csv', 'C:\\AttomRobotFiles\\Data\\DB_Missaka\\cv\\SO4_1p2m_AC_0p14m_cv1.csv', 'C:\\AttomRobotFiles\\Data\\DB_Missaka\\cv\\SO4_1p2m_AC_0p14m_cv2.csv']",True,0.0020356000000001373,0.06812926947394905,"[0.0669374348711117, 0.0690974583121635, 0.0671610806357346]",2025-02-18 21:52:52,-0.001936377676428902,,1.2,0.14,,,,
332d8fe7d9f2485dbdd4de5a7b06bda0,Li2SO4_1p74m,4.484071271643261,False,2.2660459499999996,"[2.2931429000000003, 2.2691329, 2.262959]",1.247222,"[1.2751129, 1.2509106, 1.2435334]",-1.0188239499999998,"[-1.01803, -1.0182223, -1.0194256]",2.4236735,"[2.4377773, 2.4257671, 2.4215799000000002]",1.3545573499999999,"[1.3694705, 1.3572536, 1.3518611]",-1.06911615,"[-1.0683068, -1.0685135, -1.0697188]",True,2025-02-17 10:51:58,2.8753998,Pt,"['C:\\AttomRobotFiles\\Data\\DB_Missaka\\eis\\SO4_1p74m_geis0.csv', 'C:\\AttomRobotFiles\\Data\\DB_Missaka\\eis\\SO4_1p74m_geis1.csv', 'C:\\AttomRobotFiles\\Data\\DB_Missaka\\eis\\SO4_1p74m_geis2.csv', 'C:\\AttomRobotFiles\\Data\\DB_Missaka\\cv\\SO4_1p74m_cv0.csv', 'C:\\AttomRobotFiles\\Data\\DB_Missaka\\cv\\SO4_1p74m_cv1.csv', 'C:\\AttomRobotFiles\\Data\\DB_Missaka\\cv\\SO4_1p74m_cv2.csv']",True,-0.006173899999999843,0.0617503987919137,"[0.0640102900090563, 0.06369437539434264, 0.059806422189484766]",2025-02-17 10:51:56,-0.0038879532048578733,,1.74,,,,,
f8bd600565d54808baf85259acf2e8e6,Li2SO4_2p16m,4.375101049260903,False,2.2791454,"[2.2651016, 2.2791425, 2.2791483]",1.2521054,"[1.23687, 1.2539065, 1.2503043]",-1.02704,"[-1.0282316, -1.025236, -1.028844]",2.44172175,"[2.4377299, 2.441712, 2.4417315]",1.3684341,"[1.3632421, 1.3702204, 1.3666478]",-1.0732876500000001,"[-1.0744878, -1.0714916, -1.0750837]",True,2025-02-17 10:51:57,2.8752,Pt,"['C:\\AttomRobotFiles\\Data\\DB_Missaka\\eis\\SO4_2p16m_geis0.csv', 'C:\\AttomRobotFiles\\Data\\DB_Missaka\\eis\\SO4_2p16m_geis1.csv', 'C:\\AttomRobotFiles\\Data\\DB_Missaka\\eis\\SO4_2p16m_geis2.csv', 'C:\\AttomRobotFiles\\Data\\DB_Missaka\\cv\\SO4_2p16m_cv0.csv', 'C:\\AttomRobotFiles\\Data\\DB_Missaka\\cv\\SO4_2p16m_cv1.csv', 'C:\\AttomRobotFiles\\Data\\DB_Missaka\\cv\\SO4_2p16m_cv2.csv']",True,5.800000000277805e-06,0.08390810427253648,"[0.07995211740602505, 0.08912908545568857, 0.0786871230893844]",2025-02-17 10:51:55,-0.010441962366304167,,2.16,,,,,
09c0b6a52e6947399d6d8c750d7d8d57,Li2SO4_3m,4.1723130669938335,False,2.36217195,"[2.3231495, 2.3551799, 2.369164]",1.3355291500000002,"[1.2919985, 1.3290417, 1.3420166]",-1.0266427999999999,"[-1.031151, -1.0261382, -1.0271474]",2.52376275,"[2.48759, 2.5197418999999996, 2.5277836000000002]",1.45186295,"[1.4103873, 1.4473435, 1.4563824]",-1.0718998,"[-1.0772027, -1.0723984, -1.0714012]",True,2025-07-18 17:26:22,24.0,Pt,"['C:\\AttomRobotFiles\\Data\\DB_Missaka\\eis\\SO4_3m_geis0.csv', 'C:\\AttomRobotFiles\\Data\\DB_Missaka\\eis\\SO4_3m_geis1.csv', 'C:\\AttomRobotFiles\\Data\\DB_Missaka\\eis\\SO4_3m_geis2.csv', 'C:\\AttomRobotFiles\\Data\\DB_Missaka\\cv\\SO4_3m_cv0.csv', 'C:\\AttomRobotFiles\\Data\\DB_Missaka\\cv\\SO4_3m_cv1.csv', 'C:\\AttomRobotFiles\\Data\\DB_Missaka\\cv\\SO4_3m_cv2.csv']",True,0.013984100000000055,0.0782928538872611,"[0.06678715476767244, 0.08031993197023726, 0.07626577580428494]",2025-07-18 17:20:03,-0.0040541561659523245,,3.0,,,,,
758f8423e34a4f1c99205266c1c5407f,LiTFSI_0p25m,4.821822113359146,False,2.2930375,"[2.281124, 2.2911306, 2.2949444000000003]",1.26270305,"[1.2457179, 1.2596916, 1.2657145]",-1.03033445,"[-1.0354061, -1.031439, -1.0292299]",2.41459275,"[2.4056664999999997, 2.4136894, 2.4154961000000004]",1.34199815,"[1.3299758, 1.3399967, 1.3439996]",-1.0725946,"[-1.0756907, -1.0736927, -1.0714965]",True,2025-02-17 10:51:57,2.8748999,Pt,"['C:\\AttomRobotFiles\\Data\\DB_Missaka\\eis\\TFSI_0p25m_geis0.csv', 'C:\\AttomRobotFiles\\Data\\DB_Missaka\\eis\\TFSI_0p25m_geis1.csv', 'C:\\AttomRobotFiles\\Data\\DB_Missaka\\eis\\TFSI_0p25m_geis2.csv', 'C:\\AttomRobotFiles\\Data\\DB_Missaka\\cv\\TFSI_0p25m_cv0.csv', 'C:\\AttomRobotFiles\\Data\\DB_Missaka\\cv\\TFSI_0p25m_cv1.csv', 'C:\\AttomRobotFiles\\Data\\DB_Missaka\\cv\\TFSI_0p25m_cv2.csv']",True,0.0038138000000005334,0.009377882509753108,"[0.009291834504275542, 0.009430127779930911, 0.009325637239575305]",2025-02-17 10:51:54,-0.00010449054035560623,,,,,,,0.25
c95d72f151ee4e6e8d84d0c659ce568f,LiTFSI_0p28m_LiClO4_1p59m,4.497959054051222,False,2.3081374500000003,"[2.3051203, 2.3071241000000002, 2.3091508000000003]",1.2914276,"[1.3047442, 1.2935108, 1.2893444]",-1.01670985,"[-1.0003761, -1.0136133, -1.0198064]",2.4417508999999997,"[2.4417534, 2.4417434, 2.4417584]",1.37876465,"[1.3950663, 1.3818703, 1.375659]",-1.0629862499999998,"[-1.0466871, -1.0598731, -1.0660994]",True,2025-02-17 10:51:57,2.8753,Pt,"['C:\\AttomRobotFiles\\Data\\DB_Missaka\\eis\\TFSI_0p28m_ClO4_1p59m_geis0.csv', 'C:\\AttomRobotFiles\\Data\\DB_Missaka\\eis\\TFSI_0p28m_ClO4_1p59m_geis1.csv', 'C:\\AttomRobotFiles\\Data\\DB_Missaka\\eis\\TFSI_0p28m_ClO4_1p59m_geis2.csv', 'C:\\AttomRobotFiles\\Data\\DB_Missaka\\cv\\TFSI_0p28m_ClO4_1p59m_cv0.csv', 'C:\\AttomRobotFiles\\Data\\DB_Missaka\\cv\\TFSI_0p28m_ClO4_1p59m_cv1.csv', 'C:\\AttomRobotFiles\\Data\\DB_Missaka\\cv\\TFSI_0p28m_ClO4_1p59m_cv2.csv']",True,0.002026700000000048,0.08768088569799759,"[0.08880736315407947, 0.08701768342826105, 0.08834408796773414]",2025-02-17 10:51:56,0.0013264045394730944,,,,1.59,,,0.28
158093fd9b60408cbcbd14c987be4166,LiTFSI_0p42m_LiClO4_0p6m_Li2SO4_0p06m_LiAC_0p28m,4.5398055251124045,False,2.1880199,"[2.2090679, 2.1890043, 2.1870355]",1.16382235,"[1.1814513, 1.164808, 1.1628367]",-1.02419755,"[-1.0276166, -1.0241963, -1.0241988]",2.3637027,"[2.3874882, 2.3656978, 2.3617076]",1.2871998,"[1.3078063, 1.2892056, 1.285194]",-1.0765029,"[-1.0796819, -1.0764922, -1.0765136]",True,2025-02-28 19:04:40,2.8752,Pt,"['C:\\AttomRobotFiles\\Data\\DB_Missaka\\eis\\TFSI_0p42m_ClO4_0p6m_SO4_0p06m_AC_0p28m_geis0.csv', 'C:\\AttomRobotFiles\\Data\\DB_Missaka\\eis\\TFSI_0p42m_ClO4_0p6m_SO4_0p06m_AC_0p28m_geis1.csv', 'C:\\AttomRobotFiles\\Data\\DB_Missaka\\eis\\TFSI_0p42m_ClO4_0p6m_SO4_0p06m_AC_0p28m_geis2.csv', 'C:\\AttomRobotFiles\\Data\\DB_Missaka\\cv\\TFSI_0p42m_ClO4_0p6m_SO4_0p06m_AC_0p28m_cv0.csv', 'C:\\AttomRobotFiles\\Data\\DB_Missaka\\cv\\TFSI_0p42m_ClO4_0p6m_SO4_0p06m_AC_0p28m_cv1.csv', 'C:\\AttomRobotFiles\\Data\\DB_Missaka\\cv\\TFSI_0p42m_ClO4_0p6m_SO4_0p06m_AC_0p28m_cv2.csv']",True,-0.001968800000000215,0.055460833376452114,"[0.05255161947101328, 0.05607522711622876, 0.054846439636675466]",2025-02-28 18:58:37,-0.001228787479553295,,0.06,0.28,0.6,,,0.42
27e2b48b66254ce48dfccbd87685e5fa,LiTFSI_0p63m_LiNO3_5p1m,4.060475007882134,False,2.4793049500000004,"[2.443212, 2.4793241000000004, 2.4792858]",1.4468581500000002,"[1.4382333, 1.4526863, 1.44103]",-1.0324468,"[-1.0049787, -1.0266378, -1.0382558]",2.6759190999999998,"[2.6439336, 2.6759302, 2.6759079999999997]",1.5942219,"[1.5906318, 1.6010299, 1.5874139]",-1.0816971999999998,"[-1.0533018, -1.0749003, -1.0884941]",True,2025-02-17 10:51:57,2.8753,Pt,"['C:\\AttomRobotFiles\\Data\\DB_Missaka\\eis\\TFSI_0p63m_NO3_5p1m_geis0.csv', 'C:\\AttomRobotFiles\\Data\\DB_Missaka\\eis\\TFSI_0p63m_NO3_5p1m_geis1.csv', 'C:\\AttomRobotFiles\\Data\\DB_Missaka\\eis\\TFSI_0p63m_NO3_5p1m_geis2.csv', 'C:\\AttomRobotFiles\\Data\\DB_Missaka\\cv\\TFSI_0p63m_NO3_5p1m_cv0.csv', 'C:\\AttomRobotFiles\\Data\\DB_Missaka\\cv\\TFSI_0p63m_NO3_5p1m_cv1.csv', 'C:\\AttomRobotFiles\\Data\\DB_Missaka\\cv\\TFSI_0p63m_NO3_5p1m_cv2.csv']",True,-3.83000000003797e-05,0.1223028112382992,"[0.12338846216919772, 0.12533707871241997, 0.11926854376417842]",2025-02-17 10:51:55,-0.006068534948241555,,,,,,5.1,0.63
40e1230d5141423294f56788aeba3f19,LiTFSI_0p87m,4.430289795561243,False,2.31513405,"[2.3091745, 2.3151505, 2.3151175999999998]",1.28012245,"[1.2761495, 1.2811432, 1.2791017]",-1.0350116,"[-1.033025, -1.0340073, -1.0360159]",2.440756,"[2.4377587, 2.4417681, 2.4397439]",1.3614517,"[1.360466, 1.3634558, 1.3594476]",-1.0793043,"[-1.0772927, -1.0783123, -1.0802963]",True,2025-02-17 10:51:58,2.8752,Pt,"['C:\\AttomRobotFiles\\Data\\DB_Missaka\\eis\\TFSI_0p87m_geis0.csv', 'C:\\AttomRobotFiles\\Data\\DB_Missaka\\eis\\TFSI_0p87m_geis1.csv', 'C:\\AttomRobotFiles\\Data\\DB_Missaka\\eis\\TFSI_0p87m_geis2.csv', 'C:\\AttomRobotFiles\\Data\\DB_Missaka\\cv\\TFSI_0p87m_cv0.csv', 'C:\\AttomRobotFiles\\Data\\DB_Missaka\\cv\\TFSI_0p87m_cv1.csv', 'C:\\AttomRobotFiles\\Data\\DB_Missaka\\cv\\TFSI_0p87m_cv2.csv']",True,-3.290000000033544e-05,0.02763467448765967,"[0.028374996236746233, 0.02739920403086761, 0.02787014494445173]",2025-02-17 10:51:54,0.0004709409135841211,,,,,,,0.87
551d76102a2c402c969db576044dec85,LiTFSI_10m,2.0176781749350234,False,2.51928635,"[2.4752275, 2.5172994, 2.5212733]",1.3774714000000001,"[1.3276109, 1.3728899, 1.3820529]",-1.14181495,"[-1.1476166, -1.1444095, -1.1392204]",2.66089725,"[2.6218551000000003, 2.6578738, 2.6639207000000003]",1.4717951999999999,"[1.42595, 1.4671758, 1.4764146]",-1.18910205,"[-1.1959051, -1.190698, -1.1875061]",True,2025-07-18 23:42:22,24.06,Pt,"['C:\\AttomRobotFiles\\Data\\DB_Missaka\\eis\\TFSI_10m_geis0.csv', 'C:\\AttomRobotFiles\\Data\\DB_Missaka\\eis\\TFSI_10m_geis1.csv', 'C:\\AttomRobotFiles\\Data\\DB_Missaka\\eis\\TFSI_10m_geis2.csv', 'C:\\AttomRobotFiles\\Data\\DB_Missaka\\cv\\TFSI_10m_cv0.csv', 'C:\\AttomRobotFiles\\Data\\DB_Missaka\\cv\\TFSI_10m_cv1.csv', 'C:\\AttomRobotFiles\\Data\\DB_Missaka\\cv\\TFSI_10m_cv2.csv']",True,0.003973899999999642,0.03991875808531979,"[0.03814982184347027, 0.04034908598622219, 0.03948843018441739]",2025-07-18 23:35:50,-0.000860655801804798,,,,,,,10.0
dd6a2205d0044ff68cc4f58aee1d540d,LiTFSI_11m_LiAC_7p16m,1.7534988119292232,False,2.56921,"[2.3150934999999997, 2.5573168, 2.5811032000000003]",1.35889245,"[1.132599, 1.3487941, 1.3689908]",-1.21031755,"[-1.1824945, -1.2085227, -1.2121124]",3.12292505,"[3.0718616, 3.1219324999999998, 3.1239176]",1.87331465,"[1.843065, 1.8731239, 1.8735054]",-1.2496104,"[-1.2287966, -1.2488086, -1.2504122]",True,2025-04-01 23:29:44,2.8748999,Pt,"['C:\\AttomRobotFiles\\Data\\DB_Missaka\\eis\\TFSI_11p00m_AC_7p16m_geis0.csv', 'C:\\AttomRobotFiles\\Data\\DB_Missaka\\eis\\TFSI_11p00m_AC_7p16m_geis1.csv', 'C:\\AttomRobotFiles\\Data\\DB_Missaka\\eis\\TFSI_11p00m_AC_7p16m_geis2.csv', 'C:\\AttomRobotFiles\\Data\\DB_Missaka\\cv\\TFSI_11p00m_AC_7p16m_cv0.csv', 'C:\\AttomRobotFiles\\Data\\DB_Missaka\\cv\\TFSI_11p00m_AC_7p16m_cv1.csv', 'C:\\AttomRobotFiles\\Data\\DB_Missaka\\cv\\TFSI_11p00m_AC_7p16m_cv2.csv']",True,0.023786400000000096,0.008295752162874589,"[0.009370532453782396, 0.008305549860781573, 0.008285954464967604]",2025-04-01 23:22:09,-1.959539581396913e-05,,,7.16,,,,11.0
eb38ac3e53164e5caf3045ca75e8900c,LiTFSI_12p57m,1.7494956406863686,False,2.6903462499999997,"[2.6413947, 2.6934275999999997, 2.6872648999999997]",1.6174884999999999,"[1.5877585, 1.6245873, 1.6103897]",-1.0728577499999998,"[-1.0536362, -1.0688403, -1.0768752]",2.82786405,"[2.7898834, 2.8299707, 2.8257574]",1.70768605,"[1.6879699, 1.7147908, 1.7005813]",-1.1201780000000001,"[-1.1019135, -1.1151799, -1.1251761]",True,2025-02-17 10:51:57,2.8753998,Pt,"['C:\\AttomRobotFiles\\Data\\DB_Missaka\\eis\\TFSI_12p57m_geis0.csv', 'C:\\AttomRobotFiles\\Data\\DB_Missaka\\eis\\TFSI_12p57m_geis1.csv', 'C:\\AttomRobotFiles\\Data\\DB_Missaka\\eis\\TFSI_12p57m_geis2.csv', 'C:\\AttomRobotFiles\\Data\\DB_Missaka\\cv\\TFSI_12p57m_cv0.csv', 'C:\\AttomRobotFiles\\Data\\DB_Missaka\\cv\\TFSI_12p57m_cv1.csv', 'C:\\AttomRobotFiles\\Data\\DB_Missaka\\cv\\TFSI_12p57m_cv2.csv']",True,-0.006162699999999965,0.02343240975849918,"[0.023908689140550474, 0.023638272551485665, 0.0232265469655127]",2025-02-17 10:51:56,-0.0004117255859729628,,,,,,,12.57
4dc21788ed6d460cb05d5fe37ee7d5fa,LiTFSI_1p68m_LiFSI_2p52m_LiNO3_2p66m,3.2373824889045366,False,2.5551976,"[2.4172212, 2.5530969, 2.5572983000000002]",1.4779719500000001,"[1.382, 1.4848809, 1.471063]",-1.07722565,"[-1.0352212, -1.068216, -1.0862353]",2.7528816000000003,"[2.6819799, 2.7498075, 2.7559557]",1.6223573999999998,"[1.5924555, 1.6292722, 1.6154426]",-1.1305242,"[-1.0895244, -1.1205353, -1.1405131]",True,2025-02-28 17:56:35,2.8748,Pt,"['C:\\AttomRobotFiles\\Data\\DB_Missaka\\eis\\TFSI_1p68m_FSI_2p52m_NO3_2p66m_geis0.csv', 'C:\\AttomRobotFiles\\Data\\DB_Missaka\\eis\\TFSI_1p68m_FSI_2p52m_NO3_2p66m_geis1.csv', 'C:\\AttomRobotFiles\\Data\\DB_Missaka\\eis\\TFSI_1p68m_FSI_2p52m_NO3_2p66m_geis2.csv', 'C:\\AttomRobotFiles\\Data\\DB_Missaka\\cv\\TFSI_1p68m_FSI_2p52m_NO3_2p66m_cv0.csv', 'C:\\AttomRobotFiles\\Data\\DB_Missaka\\cv\\TFSI_1p68m_FSI_2p52m_NO3_2p66m_cv1.csv', 'C:\\AttomRobotFiles\\Data\\DB_Missaka\\cv\\TFSI_1p68m_FSI_2p52m_NO3_2p66m_cv2.csv']",True,0.004201400000000355,0.07779574853941015,"[0.0803283471591329, 0.0719658894710083, 0.083625607607812]",2025-02-28 17:49:55,0.011659718136803693,,,,,2.52,2.66,1.68
a0c6ab5d31594421bea495745f852a02,LiTFSI_21m,1.2183231780688362,False,2.8523244,"[2.8192228000000004, 2.8472015, 2.8574473]",1.73925185,"[1.7297423, 1.7377537, 1.74075]",-1.11307255,"[-1.0894805, -1.1094478, -1.1166973]",3.0709893499999996,"[2.999891, 3.0558821, 3.0860966]",1.9086384,"[1.8641334, 1.898131, 1.9191458]",-1.16235095,"[-1.1357576, -1.1577511, -1.1669508]",True,2025-02-17 10:51:58,2.8753,Pt,"['C:\\AttomRobotFiles\\Data\\DB_Missaka\\eis\\TFSI_21m_geis0.csv', 'C:\\AttomRobotFiles\\Data\\DB_Missaka\\eis\\TFSI_21m_geis1.csv', 'C:\\AttomRobotFiles\\Data\\DB_Missaka\\eis\\TFSI_21m_geis2.csv', 'C:\\AttomRobotFiles\\Data\\DB_Missaka\\cv\\TFSI_21m_cv0.csv', 'C:\\AttomRobotFiles\\Data\\DB_Missaka\\cv\\TFSI_21m_cv1.csv', 'C:\\AttomRobotFiles\\Data\\DB_Missaka\\cv\\TFSI_21m_cv2.csv']",True,0.01024579999999986,0.006970328828073467,"[0.008440311560230548, 0.0071590194191872795, 0.006781638236959654]",2025-02-17 10:51:56,-0.00037738118222762577,,,,,,,21.0
cc796a8fecc247429c144f5bff78bf1e,LiTFSI_2p55m_LiNO3_1p51m_Li2SO4_0p12m,3.506837184761589,False,2.44420985,"[2.4292318, 2.4432159, 2.4452038]",1.3890183,"[1.3774183, 1.3898225, 1.3882141]",-1.05519155,"[-1.0518135, -1.0533934, -1.0569897]",2.63075445,"[2.6078467, 2.6296532, 2.6318557]",1.52928715,"[1.5097665, 1.5299895, 1.5285848]",-1.1014673,"[-1.0980802, -1.0996637, -1.1032709]",True,2025-05-23 18:07:48,23.37,Pt,"['C:\\AttomRobotFiles\\Data\\DB_Missaka\\eis\\TFSI_2p55m_NO3_1p51m_SO4_0p12m_geis0.csv', 'C:\\AttomRobotFiles\\Data\\DB_Missaka\\eis\\TFSI_2p55m_NO3_1p51m_SO4_0p12m_geis1.csv', 'C:\\AttomRobotFiles\\Data\\DB_Missaka\\eis\\TFSI_2p55m_NO3_1p51m_SO4_0p12m_geis2.csv', 'C:\\AttomRobotFiles\\Data\\DB_Missaka\\cv\\TFSI_2p55m_NO3_1p51m_SO4_0p12m_cv0.csv', 'C:\\AttomRobotFiles\\Data\\DB_Missaka\\cv\\TFSI_2p55m_NO3_1p51m_SO4_0p12m_cv1.csv', 'C:\\AttomRobotFiles\\Data\\DB_Missaka\\cv\\TFSI_2p55m_NO3_1p51m_SO4_0p12m_cv2.csv']",True,0.0019878999999995983,0.06753881431539335,"[0.06568931898880445, 0.06149414770202481, 0.07358348092876188]",2025-05-23 18:01:20,0.012089333226737067,,0.12,,,,1.51,2.55
f81d90cff2d74198aa6e5f4e19b570e5,LiTFSI_2p73m_LiNO3_6p1m,3.186959365773845,False,2.58313265,"[2.4992837999999997, 2.5770985, 2.5891668]",1.5361718999999998,"[1.4854424, 1.5368505, 1.5354933]",-1.04696075,"[-1.0138414, -1.040248, -1.0536735]",2.7656981499999995,"[2.7037202999999996, 2.7596955, 2.7717007999999996]",1.6674394499999998,"[1.6395905, 1.6691382, 1.6657407]",-1.0982587,"[-1.0641298, -1.0905573, -1.1059601]",True,2025-02-17 10:51:57,2.8751,Pt,"['C:\\AttomRobotFiles\\Data\\DB_Missaka\\eis\\TFSI_2p73m_NO3_6p10m_geis0.csv', 'C:\\AttomRobotFiles\\Data\\DB_Missaka\\eis\\TFSI_2p73m_NO3_6p10m_geis1.csv', 'C:\\AttomRobotFiles\\Data\\DB_Missaka\\eis\\TFSI_2p73m_NO3_6p10m_geis2.csv', 'C:\\AttomRobotFiles\\Data\\DB_Missaka\\cv\\TFSI_2p73m_NO3_6p10m_cv0.csv', 'C:\\AttomRobotFiles\\Data\\DB_Missaka\\cv\\TFSI_2p73m_NO3_6p10m_cv1.csv', 'C:\\AttomRobotFiles\\Data\\DB_Missaka\\cv\\TFSI_2p73m_NO3_6p10m_cv2.csv']",True,0.012068300000000143,0.08937000733654475,"[0.08742138023356717, 0.0881766797760821, 0.09056333489700741]",2025-02-17 10:51:56,0.002386655120925313,,,,,,6.1,2.73
d8e8e0410d7f4519a8aa833b7410341c,LiTFSI_2p94m_LiAC_4p06m,3.2001061591017232,False,2.1949106499999997,"[2.1910005000000004, 2.1910108, 2.1988105]",1.1230156999999998,"[1.1135888, 1.1212183, 1.1248131]",-1.07189495,"[-1.0774117, -1.0697925, -1.0739974]",2.5927834499999998,"[2.685715, 2.5878729, 2.5976939999999997]",1.4575611,"[1.5400106, 1.4537559, 1.4613663]",-1.13522235,"[-1.1457044, -1.134117, -1.1363277]",True,2025-02-18 19:42:36,2.875,Pt,"['C:\\AttomRobotFiles\\Data\\DB_Missaka\\eis\\TFSI_2p94m_AC_4p06m_geis0.csv', 'C:\\AttomRobotFiles\\Data\\DB_Missaka\\eis\\TFSI_2p94m_AC_4p06m_geis1.csv', 'C:\\AttomRobotFiles\\Data\\DB_Missaka\\eis\\TFSI_2p94m_AC_4p06m_geis2.csv', 'C:\\AttomRobotFiles\\Data\\DB_Missaka\\cv\\TFSI_2p94m_AC_4p06m_cv0.csv', 'C:\\AttomRobotFiles\\Data\\DB_Missaka\\cv\\TFSI_2p94m_AC_4p06m_cv1.csv', 'C:\\AttomRobotFiles\\Data\\DB_Missaka\\cv\\TFSI_2p94m_AC_4p06m_cv2.csv']",True,0.007799700000000076,0.028541030201971573,"[0.03019577016100075, 0.027937891262033367, 0.029144169141909784]",2025-02-18 19:36:01,0.001206277879876417,,,4.06,,,,2.94
cecd437007544282a74a810691aa47db,LiTFSI_3p72m_LiFSI_4p91m_LiNO3_1p14m_LiClO4_0p3m,2.4624487352509816,False,2.6503747,"[2.4312226, 2.6433780000000002, 2.6573713999999997]",1.5552860499999999,"[1.3594284, 1.5565904, 1.5539817]",-1.09508865,"[-1.0717942, -1.0867876, -1.1033897]",2.8208868999999996,"[2.5838961, 2.8118971, 2.8298767]",1.6714856,"[1.4637948, 1.6707845, 1.6721867]",-1.1494013,"[-1.1201013, -1.1411126, -1.15769]",True,2025-04-16 14:56:40,2.8752,Pt,"['C:\\AttomRobotFiles\\Data\\DB_Missaka\\eis\\TFSI_3p72m_FSI_4p91m_NO3_1p14m_ClO4_p30m_geis0.csv', 'C:\\AttomRobotFiles\\Data\\DB_Missaka\\eis\\TFSI_3p72m_FSI_4p91m_NO3_1p14m_ClO4_p30m_geis1.csv', 'C:\\AttomRobotFiles\\Data\\DB_Missaka\\eis\\TFSI_3p72m_FSI_4p91m_NO3_1p14m_ClO4_p30m_geis2.csv', 'C:\\AttomRobotFiles\\Data\\DB_Missaka\\cv\\TFSI_3p72m_FSI_4p91m_NO3_1p14m_ClO4_p30m_cv0.csv', 'C:\\AttomRobotFiles\\Data\\DB_Missaka\\cv\\TFSI_3p72m_FSI_4p91m_NO3_1p14m_ClO4_p30m_cv1.csv', 'C:\\AttomRobotFiles\\Data\\DB_Missaka\\cv\\TFSI_3p72m_FSI_4p91m_NO3_1p14m_ClO4_p30m_cv2.csv']",True,0.01399339999999949,0.05851779028993154,"[0.07533266860868043, 0.05772337138659973, 0.059312209193263354]",2025-04-16 14:49:55,0.0015888378066636274,,,,0.3,4.91,1.14,3.72
95a36b81fc3d42e98bb9821393aebc96,LiTFSI_3p85m,3.1866072372610352,False,2.43412595,"[2.4072417, 2.4392324, 2.4290195]",1.3691967,"[1.3529872, 1.3772063, 1.3611871]",-1.06492925,"[-1.0542545, -1.0620261, -1.0678324]",2.5607119999999997,"[2.535749, 2.5678362999999997, 2.5535877]",1.4485076000000001,"[1.4352472, 1.457519, 1.4394962]",-1.1122044,"[-1.1005018, -1.1103173, -1.1140915]",True,2025-02-17 10:51:57,2.8748999,Pt,"['C:\\AttomRobotFiles\\Data\\DB_Missaka\\eis\\TFSI_3p85m_geis0.csv', 'C:\\AttomRobotFiles\\Data\\DB_Missaka\\eis\\TFSI_3p85m_geis1.csv', 'C:\\AttomRobotFiles\\Data\\DB_Missaka\\eis\\TFSI_3p85m_geis2.csv', 'C:\\AttomRobotFiles\\Data\\DB_Missaka\\cv\\TFSI_3p85m_cv0.csv', 'C:\\AttomRobotFiles\\Data\\DB_Missaka\\cv\\TFSI_3p85m_cv1.csv', 'C:\\AttomRobotFiles\\Data\\DB_Missaka\\cv\\TFSI_3p85m_cv2.csv']",True,-0.01021289999999997,0.04083760159265882,"[0.049695505771405635, 0.04885940845187535, 0.03281579473344229]",2025-02-17 10:51:55,-0.01604361371843306,,,,,,,3.85
2e9604b6a9114b2ea73579d984825aa4,LiTFSI_4p18m_LiNO3_1p14m_LiClO4_0p04m_Li2SO4_0p04m,3.0245075277739333,False,2.5212073,"[2.4990954, 2.5251028, 2.5173118]",1.45590405,"[1.4448602, 1.4619119, 1.4498962]",-1.06530325,"[-1.0542352, -1.0631909, -1.0674156]",2.6808379,"[2.6597508999999997, 2.683723, 2.6779528]",1.5642242,"[1.557232, 1.5702255, 1.5582229]",-1.1166137,"[-1.1025189, -1.1134975, -1.1197299]",True,2025-03-14 14:02:48,2.8752,Pt,"['C:\\AttomRobotFiles\\Data\\DB_Missaka\\eis\\TFSI_4p18m_NO3_1p14m_ClO4_0p04m_SO4_0p04m_geis0.csv', 'C:\\AttomRobotFiles\\Data\\DB_Missaka\\eis\\TFSI_4p18m_NO3_1p14m_ClO4_0p04m_SO4_0p04m_geis1.csv', 'C:\\AttomRobotFiles\\Data\\DB_Missaka\\eis\\TFSI_4p18m_NO3_1p14m_ClO4_0p04m_SO4_0p04m_geis2.csv', 'C:\\AttomRobotFiles\\Data\\DB_Missaka\\cv\\TFSI_4p18m_NO3_1p14m_ClO4_0p04m_SO4_0p04m_cv0.csv', 'C:\\AttomRobotFiles\\Data\\DB_Missaka\\cv\\TFSI_4p18m_NO3_1p14m_ClO4_0p04m_SO4_0p04m_cv1.csv', 'C:\\AttomRobotFiles\\Data\\DB_Missaka\\cv\\TFSI_4p18m_NO3_1p14m_ClO4_0p04m_SO4_0p04m_cv2.csv']",True,-0.007791000000000103,0.05807006578477761,"[0.05580196518250602, 0.05821559438022547, 0.057924537189329744]",2025-03-14 13:56:16,-0.0002910571908957271,,0.04,,0.04,,1.14,4.18
98266484b2f14ba281fb322f41c7c160,LiTFSI_5m,2.8751363693786156,False,2.41621715,"[2.3852067000000003, 2.4172396000000003, 2.4151947]",1.29000435,"[1.2491782, 1.2882199, 1.2917888]",-1.1262128,"[-1.1360285, -1.1290197, -1.1234059]",2.55080785,"[2.5258488999999997, 2.5518071, 2.5498086]",1.37832165,"[1.3455399, 1.3765208, 1.3801225]",-1.1724862,"[-1.180309, -1.1752863, -1.1696861]",True,2025-07-18 22:27:34,24.0,Pt,"['C:\\AttomRobotFiles\\Data\\DB_Missaka\\eis\\TFSI_5m_geis0.csv', 'C:\\AttomRobotFiles\\Data\\DB_Missaka\\eis\\TFSI_5m_geis1.csv', 'C:\\AttomRobotFiles\\Data\\DB_Missaka\\eis\\TFSI_5m_geis2.csv', 'C:\\AttomRobotFiles\\Data\\DB_Missaka\\cv\\TFSI_5m_cv0.csv', 'C:\\AttomRobotFiles\\Data\\DB_Missaka\\cv\\TFSI_5m_cv1.csv', 'C:\\AttomRobotFiles\\Data\\DB_Missaka\\cv\\TFSI_5m_cv2.csv']",True,-0.0020449000000004602,0.046972400759859395,"[0.056977309982021766, 0.04637279158312626, 0.04757200993659253]",2025-07-18 22:21:15,0.001199218353466272,,,,,,,5.0
e0a8f6dc7c5f4f4e9da4f1a499380c11,LiNO3_0p5m,4.933130457036286,False,2.3981415999999998,"[2.4229697, 2.4171608, 2.3791224]",1.30873555,"[1.2990309, 1.322652, 1.2948191]",-1.08940605,"[-1.1239388, -1.0945088, -1.0843033]",2.5437992499999997,"[2.5595496, 2.5578152999999997, 2.5297832]",1.40707835,"[1.395333, 1.4169904, 1.3971663]",-1.1367208999999998,"[-1.1642166, -1.1408249, -1.1326169]",True,2026-07-08 13:23:49,2.8745,Pt,"['C:\\AttomRobotFiles\\Data\\DB_Missaka\\cv\\43d76c6540b7434c86efca849d3f374f.csv', 'C:\\AttomRobotFiles\\Data\\DB_Missaka\\cv\\5b493162a8cd4f14a72345814e3f8c2e.csv', 'C:\\AttomRobotFiles\\Data\\DB_Missaka\\eis\\a1e62538e92a4b39bb4c6012c1bb2ff2.csv', 'C:\\AttomRobotFiles\\Data\\DB_Missaka\\eis\\c4d2d54d15044084a37d6863e6b89c2f.csv', 'C:\\AttomRobotFiles\\Data\\DB_Missaka\\eis\\cca435fa91134006bb11f75d5cf5de04.csv', 'C:\\AttomRobotFiles\\Data\\DB_Missaka\\cv\\f3009c8bdd9d448aa0ee8ed2fef09f65.csv']",True,-0.03803840000000003,0.021729995295718445,"[0.03783094438550808, 0.02041268020359988, 0.023047310387837014]",2026-07-08 13:17:25,0.002634630184237135,,,,,,0.5,
